chinese	english
不分系學士班	Bachelor's degree courses regardless of department
不動產經營學系	Department of Real Estate Management
不動產經營學系【外加】	Department of Real Estate Management【Additional】
不動產與城鄉環境學系	Department of Real Estate and Urban and Rural Environment
不動產與城鄉環境學系【外加】	Department of Real Estate and Urban and Rural Environment [Additional]
不動產財務金融學士學位學程	Bachelor's Degree in Real Estate Finance
世新大學	Shih Hsin University
中信科技大學	CITIC University
中原大學	Chung Yuan University
中國戲劇學系	Department of Chinese Drama
中國文化大學	Chinese Culture University
中國文學學系	Department of Chinese Literature
中國文學系	Department of Chinese Literature
中國文學系【外加】	Department of Chinese Literature【Additional】
中國文學系中國文學組	Chinese Literature Section, Department of Chinese Literature
中國文學系乙組(華語教學組)	Department of Chinese Literature Group B (Chinese Language Teaching Group)
中國文學系乙組(華語文教學組)	Department of Chinese Literature Group B (Chinese Language Teaching Group)
中國文學系文藝創作組	Literary Creation Group, Department of Chinese Literature
中國文學系甲組(一般組)	Department of Chinese Literature Group A (General Group)
中國文學與應用學系	Department of Chinese Literature and Applied Studies
中國科技大學	University of Science and Technology of China
中國藥學暨中藥資源學系	Department of Chinese Pharmacy and Traditional Chinese Medicine Resources
中國語文學系	Department of Chinese Language and Literature
中國語文學系【外加】	Department of Chinese Language and Literature【Additional】
中國醫藥大學	China Medical University
中山醫學大學	Sun Yat-sen Medical University
中州科技大學	Zhongzhou University of Science and Technology
中臺科技大學	Central Taiwan University of Science and Technology
中華大學	Chung Hua University
中華文化與傳播學系	Department of Chinese Culture and Communication
中華科技大學	University of Science and Technology of China
中華醫事科技大學	China University of Medical Science and Technology
中醫學系	Department of Traditional Chinese Medicine
中醫學系乙組	Group B, Department of Traditional Chinese Medicine
中醫學系甲組	Department of Traditional Chinese Medicine Group A
中餐廚藝系	Department of Chinese Cuisine
事業經營學系	Department of Business Administration
事業經營學系(乙組)	Department of Business Administration (Group B)
事業經營學系(甲組)	Department of Business Administration (Group A)
事業經營學系【外加】	Department of Business Administration【Additional】
事業與資訊經營學系	Department of Business and Information Management
事業與資訊經營學系(丙組)	Department of Business and Information Management (Group C)
事業與資訊經營學系(乙組)	Department of Business and Information Management (Group B)
事業與資訊經營學系(甲組)	Department of Business and Information Management (Group A)
互動設計系	Department of Interaction Design
互動設計系媒體設計組	Media Design Group, Department of Interactive Design
互動設計系視覺傳達設計組	Visual Communication Design Group, Department of Interactive Design
亞太工商管理學系	Department of Asia Pacific Business Administration
亞太工商管理學系企業管理組	Business Management Group, Department of Asia Pacific Business Administration
亞太工商管理學系工業管理組	Industrial Management Group, Department of Asia Pacific Business Administration
亞太建築空間與文物保存學士學位學程	Bachelor's Degree in Architectural Space and Heritage Conservation in Asia-Pacific
亞東技術學院	Yadong Technical College
亞東科技大學	Yadong University of Science and Technology
亞洲大學	Asia University
交通管理科學系	Department of Transportation Management Science
人力資源暨公共關係學系	Department of Human Resources and Public Relations
人力資源發展系	Department of Human Resources Development
人力資源發展系（燕巢校區）	Department of Human Resources Development (Yanchao Campus)
人力資源管理與發展系	Department of Human Resources Management and Development
人工智慧健康管理系	Department of Artificial Intelligence Health Management
人工智慧學士學位學程	Artificial Intelligence Bachelor's Degree Program
人工智慧學系	Department of Artificial Intelligence
人工智慧應用學系	Department of Artificial Intelligence Applied Studies
人工智慧應用學系(人工智慧與遊戲設計	Department of Applied Artificial Intelligence (Artificial Intelligence and Game Design
人工智慧應用學系(元宇宙應用創作組)	Department of Artificial Intelligence Applied Studies (Metaverse Application Creation Group)
人工智慧應用學系(桃園校區)	Department of Applied Artificial Intelligence (Taoyuan Campus)
人工智慧應用工程學士學位學程	Bachelor's Degree Program in Artificial Intelligence Applied Engineering
人工智慧應用工程系	Department of Artificial Intelligence Applied Engineering
人工智慧技術與應用學士學位學程	Bachelor's Degree Program in Artificial Intelligence Technology and Applications
人工智慧無人機科技系	Artificial Intelligence Drone Technology Department
人工智慧與資訊安全學士學位學程	Bachelor's Degree Program in Artificial Intelligence and Information Security
人文暨科技跨領域學士學位學程	Interdisciplinary Bachelor's Degree Program in Humanities and Technology
人文社會學系	Department of Humanities and Sociology
人文社會學院學士班	Bachelor's Degree, School of Humanities and Social Sciences
人文社會學院英語學士班	Bachelor of Arts in English, College of Humanities and Social Sciences
人文科技跨領域學士學位學程	Interdisciplinary Bachelor's Degree Program in Humanities and Technology
人文與社區創新學士學位學程	Bachelor's Degree in Humanities and Community Innovation
人文與資訊學系	Department of Humanities and Informatics
人文與資訊學系數位應用組	Department of Humanities and Informatics Graduate Application Group
人文與資訊學系文化行銷組	Cultural Marketing Group, Department of Humanities and Informatics
人發與家庭系	Department of Human Hair and Family
人發與家庭系家庭生活教育組	Family Life Education Section, Department of Human Development and Family
人發與家庭系幼兒發展教育組	Early Childhood Development Education Group, Department of Human Development and Family
人類學系	Department of Anthropology
人類發展與家庭學系	Department of Human Development and Family Studies
人類發展與家庭學系家庭生活教育組	Family Life Education Section, Department of Human Development and Family Studies
人類發展與家庭學系幼兒發展與教育組	Early Childhood Development and Education Section, Department of Human Development and Family Studies
人類發展與心理學系	Department of Human Development and Psychology
企業管理學系	Department of Business Administration
企業管理學系(A組)	Department of Business Management (Group A)
企業管理學系(B組)	Department of Business Management (Group B)
企業管理學系(一般組)	Department of Business Administration (General Group)
企業管理學系(創新應用組)	Department of Business Administration (Innovative Application Group)
企業管理學系(數位行銷組)	Department of Business Administration (Digital Marketing Group)
企業管理學系(社會組)	Department of Business Administration (Social Group)
企業管理學系(經營管理組)	Department of Business Administration (Business Management Group)
企業管理學系(自然組)	Department of Business Administration (Natural Group)
企業管理學系(臺北校區)	Department of Business Administration (Taipei Campus)
企業管理學系(臺北校區)【外加】	Department of Business Administration (Taipei Campus) [Additional]
企業管理學系人工智慧應用組(台北校	Artificial Intelligence Application Group, Department of Business Administration (Taipei Campus
企業管理學系企業管理組	Business Management Group, Department of Business Administration
企業管理學系企業管理組(台北校區)	Business Management Group, Department of Business Administration (Taipei Campus)
企業管理學系企業管理組（臺北）	Business Management Group, Department of Business Administration (Taipei)
企業管理學系企業經營組	Business Management Group, Department of Business Administration
企業管理學系全英語學士班	Bachelor's degree program in English in the Department of Business Administration
企業管理學系品牌行銷組(台北校區)	Brand Marketing Group, Department of Business Administration (Taipei Campus)
企業管理學系品牌行銷組（臺北）	Brand Marketing Group, Department of Business Administration (Taipei)
企業管理學系工商管理組	Business Administration Group, Department of Business Administration
企業管理學系數位經營組(台北校區)	Graduate Business Group, Department of Business Administration (Taipei Campus)
企業管理學系數位經營組（臺北）	Department of Business Administration Graduate Management Group (Taipei)
企業管理學系智慧運輸與物流組	Smart Transportation and Logistics Group, Department of Business Administration
企業管理學系服務業管理組	Service Industry Management Group, Department of Business Administration
企業管理學系社會組(臺北校區)	Social Section, Department of Business Administration (Taipei Campus)
企業管理學系經營管理組	Business Management Group, Department of Business Administration
企業管理學系自然組(臺北校區)	Natural Group, Department of Business Administration (Taipei Campus)
企業管理學系行銷管理組	Marketing Management Group, Department of Business Administration
企業管理學系行銷與創業組	Marketing and Entrepreneurship Group, Department of Business Administration
企業管理學系財務管理組	Financial Management Group, Department of Business Administration
企業管理學系高科	Department of Business Administration
企業管理學系高科技業管理組	High-Tech Industry Management Group, Department of Business Administration
企業管理學魚(飛倉紡)	Business Management Learning Fish (Feicangfang)
企業管理系	Department of Business Administration
企業管理系企業管理組(台北)	Business Management Group, Department of Business Management (Taipei)
企業管理系品牌行銷組(台北)	Brand Marketing Group, Department of Business Management (Taipei)
企業管理系廣告與數位行銷組	Advertising and Digital Marketing Group, Department of Business Administration
企業管理系數位經營組(台北)	Enterprise Management Coefficient Management Group (Taipei)
企業管理系時尚產業管理組	Fashion Industry Management Group, Department of Business Administration
企業管理系時尚經營管理組	Fashion Management Group, Department of Business Administration
企業管理系智慧運輸與物流組	Intelligent Transportation and Logistics Group, Department of Business Management
企業管理系餐旅微型創業管理組	Department of Business Administration Catering and Tourism Micro-Entrepreneurship Management Group
企業管理系（台北校區）	Department of Business Administration (Taipei Campus)
企業管理系（新竹校區）	Department of Business Management (Hsinchu Campus)
企業管理系（燕巢校區）	Department of Business Management (Yanchao Campus)
企業管理系（臺北校區）	Department of Business Administration (Taipei Campus)
企業經營管理系	Department of Business Administration
企業資訊與管理系	Department of Business Information and Management
企業資訊與管理系企業資訊管理組	Enterprise Information Management Group, Department of Enterprise Information and Management
企業資訊與管理系（台北校區）	Department of Business Information and Management (Taipei Campus)
企管學系	Department of Business Administration
企管學系(創業與組織領導組)	Department of Business Administration (Entrepreneurship and Organizational Leadership Group)
企管學系(服務創新與經營組)	Department of Business Administration (Service Innovation and Management Group)
企管學系(行銷與數位經營組)	Department of Business Administration (Marketing and Digital Management Group)
企管系(創業與組織領導組)	Department of Enterprise Management (Entrepreneurship and Organizational Leadership Group)
企管系(服務創新與經營組)	Enterprise Management Department (Service Innovation and Management Group)
企管系(行銷與數位經營組)	Corporate Management (Marketing and Digital Operations Group)
休閒事業管理學系	Department of Leisure Business Management
休閒事業管理學系乙組	Department of Leisure Industry Management Group B
休閒事業管理學系甲組	Department of Leisure Business Management Group A
休閒事業管理系	Department of Leisure Business Management
休閒事業管理系(休閒企劃組)	Department of Leisure Business Management (Leisure Planning Group)
休閒事業管理系(創新經營組)	Department of Leisure Business Management (Innovative Management Group)
休閒事業管理系企劃與行銷組	Department of Leisure Business Management Planning and Marketing Group
休閒事業管理系休閒產經組	Department of Leisure Business Management, Leisure Industry and Economics Group
休閒事業系	Department of Leisure Business
休閒事業經營學系	Department of Leisure Business Management
休閒事業經營系	Department of Leisure Business Management
休閒保健學系	Department of Leisure and Health Sciences
休閒保健管理系	Department of Leisure and Health Management
休閒暨遊憩管理系	Department of Leisure and Recreation Management
休閒產業管理學系	Department of Leisure Industry Management
休閒產業管理學系(高雄校區)	Department of Leisure Industry Management (Kaohsiung Campus)
休閒產業管理學系休閒文創組	Leisure Cultural and Creative Group, Department of Leisure Industry Management
休閒產業管理學系休閒文創規劃組(高雄	Leisure Cultural and Creative Planning Group, Department of Leisure Industry Management (Kaohsiung
休閒產業管理學系休閒文創規劃組(高雄校區)	Leisure Cultural and Creative Planning Group, Department of Leisure Industry Management (Kaohsiung Campus)
休閒產業管理學系文創規劃組(高雄校	Cultural and Creative Planning Group, Department of Leisure Industry Management (Kaohsiung Campus
休閒產業管理學系環境教育與休閒規劃	Department of Leisure Industry Management Environmental Education and Leisure Planning
休閒產業管理學系精品咖啡烘培經營組	Department of Leisure Industry Management, Specialty Coffee Roasting Management Group
休閒產業管理學系精品咖啡烘焙經營組(高雄校區)	Department of Leisure Industry Management, Specialty Coffee Roasting Operations Group (Kaohsiung Campus)
休閒產業管理學系遊憩運動企劃組(高雄	Recreation and Sports Planning Group, Department of Leisure Industry Management (Kaohsiung
休閒產業管理學系遊憩運動企劃組(高雄校區)	Recreation and Sports Planning Group, Department of Leisure Industry Management (Kaohsiung Campus)
休閒產業管理學系遊憩運動組	Recreation and Sports Group, Department of Leisure Industry Management
休閒產業管理系	Department of Leisure Industry Management
休閒產業經營學系	Department of Leisure Industry Management
休閒產業與健康促進學系	Department of Leisure Industry and Health Promotion
休閒產業與健康促進系	Department of Leisure Industry and Health Promotion
休閒與觀光管理系	Department of Leisure and Tourism Management
休閒與遊憩事業管理系	Department of Leisure and Recreation Management
休閒與遊憩管理學系	Department of Leisure and Recreation Management
休閒與遊憩管理學系(旅遊事業管理組)	Department of Leisure and Recreation Management (Tourism Management Group)
休閒與遊憩管理學系(餐旅事業管理組)	Department of Leisure and Recreation Management (Hospitality and Tourism Management Group)
休閒與遊憩管理學系旅遊事業管理組	Tourism Management Group, Department of Leisure and Recreation Management
休閒與遊憩管理學系餐旅事業管理組	Hospitality and Tourism Business Management Group, Department of Leisure and Recreation Management
休閒與運動管理系	Department of Recreation and Sports Management
休閒與餐旅管理系	Department of Leisure and Hospitality Management
休閒遊憩管理學系	Department of Leisure and Recreation Management
休閒遊憩管理學系(桃園校區)	Department of Leisure and Recreation Management (Taoyuan Campus)
休閒遊憩管理學系（桃園）	Department of Leisure and Recreation Management (Taoyuan)
休閒遊憩管理系	Department of Leisure and Recreation Management
休閒遊憩管理系(旅遊事業組)	Department of Leisure and Recreation Management (Tourism Business Group)
休閒遊憩管理系(餐旅事業組)	Department of Leisure and Recreation Management (Catering and Tourism Business Group)
休閒遊憩系	Department of Leisure and Recreation
休閒遊憩與運動管理系	Department of Leisure, Recreation and Sports Management
休閒運動健康系	Department of Leisure Sports and Health
休閒運動學系	Department of Recreational Sports
休閒運動管理學系	Department of Leisure and Sports Management
休閒運動管理學銷(飛倉績)	Leisure Sports Management Studies (Feicangji)
休閒運動管理系	Department of Leisure and Sports Management
休閒運動與健康管理系	Department of Leisure Sports and Health Management
休閒運動與觀光管理系	Department of Leisure Sports and Tourism Management
佛光大學	Foguang University
供應鏈管理系	Department of Supply Chain Management
供應鏈管理系（楠梓校區）	Department of Supply Chain Management (Nanzi Campus)
俄國語文學系	Department of Russian Philology
俄國語文學系【外加】	Department of Russian Philology【Additional】
保健營養學系	Department of Health and Nutrition
保健營養系	Department of Health and Nutrition
保健營養系（林口校區）	Department of Health and Nutrition (Linkou Campus)
保健食品系	Health food department
保險金融管理系	Department of Insurance and Financial Management
修平科技大學	Shuping University of Technology
健康事業管理系	Department of Health Career Management
健康休閒管理系	Department of Health and Leisure Management
健康休閒管理系健康保健組	Health Care Group, Department of Health and Leisure Management
健康休閒管理系運動休閒組	Sports and Leisure Group, Department of Health and Leisure Management
健康促進與衛生教育學系	Department of Health Promotion and Health Education
健康心理學系	Department of Health Psychology
健康心理學系(社會組)	Department of Health Psychology (Social Section)
健康心理學系(自然組)	Department of Health Psychology (Natural Group)
健康照護管理學系	Department of Health Care Management
健康照護管理學系(台南校區)	Department of Health Care Management (Tainan Campus)
健康照顧社會工作系	Department of Health Care and Social Work
健康照顧社會工作系（淡水校區）	Department of Health Care and Social Work (Tamsui Campus)
健康產業科技研發與管理系	Department of Health Industry Technology R&D and Management
健康產業科技管理學系	Department of Health Industry Science and Technology Management
健康產業管理學系	Department of Health Industry Management
健康產業管理學系(健康產業管理組)	Department of Health Industry Management (Health Industry Management Group)
健康產業管理學系(跨領域高齡智慧照顧	Department of Health Industry Management (Interdisciplinary Smart Care for the Elderly)
健康產業管理學系(醫療機構管理組)	Department of Health Industry Management (Medical Institution Management Group)
健康產業管理學系健康產業管理組	Health Industry Management Group, Department of Health Industry Management
健康產業管理學系健康產業管理組【外加】	Health Industry Management Group, Department of Health Industry Management [Additional]
健康產業管理學系醫療機構管理組	Medical Institution Management Group, Department of Health Industry Management
健康產業管理系(健康產業組)	Department of Health Industry Management (Health Industry Group)
健康產業管理系(醫療機構組)	Department of Health Industry Management (Medical Institution Group)
健康管理學系	Department of Health Management
健康管理學系乙組	Department of Health Management Group B
健康管理學系健康促進與產業管理組	Health Promotion and Industrial Management Group, Department of Health Management
健康管理學系甲組	Department of Health Management Group A
健康管理學系職業安全與衛生管理組	Occupational Safety and Health Management Group, Department of Health Management
健康美容系	Department of Health and Beauty
健康與創意蔬食產業學系	Department of Health and Creative Vegetarian Food Industry
健康餐飲暨產業管理學系	Department of Healthy Catering and Industrial Management
健行科技大學	Jianxing University of Technology
傳播學系	Department of Communication Studies
傳播學系(廣告公關組)	Department of Communication (Advertising and Public Relations Group)
傳播學系(廣告公關與精準行銷組)	Department of Communication (Advertising, Public Relations and Precision Marketing Group)
傳播學系(數位媒體組)	Department of Communication (Digital Media Group)
傳播學系(流行音樂傳播組)	Department of Communication (Popular Music Communication Group)
傳播學系廣告公關新聞組	Department of Communication Advertising and Public Relations News Group
傳播學系影劇表演藝術組	Department of Communication Studies Film and Theater Performing Arts Group
傳播學系數位影音製作組	Department of Communication Studies Graduate Audiovisual Production Group
傳播學院不分系	The School of Communication is not divided into departments
傳播學院不分系社會組	School of Communication is not divided into departments and social groups
傳播學院不分系自然組	The School of Communication is not divided into natural groups
傳播學院大一大二不分系	Freshmen and sophomores in the School of Communication are not divided into departments.
傳播學院大一大二不分系(社會組)	Freshmen and sophomores in the School of Communication are not divided into departments (social group)
傳播學院大一大二不分系(社會組)【外加】	Freshmen and sophomores in the School of Communication are not divided into departments (social group) [Additional]
傳播學院大一大二不分系(自然組)	Freshmen and sophomores in the School of Communication are not divided into departments (natural group)
傳播學院大一大二不分系社會組	Social group for freshmen and sophomores in the School of Communication regardless of department
傳播學院大一大二不分系自然組	Natural group for freshmen and sophomores in the School of Communication regardless of department
傳播產製英語學士學位學程	Bachelor's degree program in Communication and English
傳播管理學系	Department of Communication Management
傳播與科技學系	Department of Communication and Technology
傳播藝術學士學位學程	Bachelor of Arts in Communication Arts Program
傳播藝術系	Department of Communication Arts
僑光科技大學	Qiaoguang University of Science and Technology
元培醫事科技大學	Yuan Pei University of Medical Science and Technology
元智大學	Yuanzhi University
先進應用材料工程系	Department of Advanced Applied Materials Engineering
先進材料學士學位學程	Advanced Materials Bachelor's Degree Program
光電工程學士學位學程	Bachelor's Degree Program in Optoelectronic Engineering
光電工程學系	Department of Optoelectronic Engineering
光電工程學系乙組	Department of Optoelectronic Engineering Group B
光電工程學系全英語組	Department of Optoelectronic Engineering, all-English group
光電工程學系甲組	Department of Optoelectronic Engineering Group A
光電工程系	Department of Optoelectronic Engineering
光電材料工程系	Department of Optoelectronic Materials Engineering
光電材料工程系(材料應用組)	Department of Optoelectronic Materials Engineering (Materials Application Group)
光電材料工程系(生醫光電組)	Department of Optoelectronic Materials Engineering (Biomedical Optoelectronics Group)
光電材料工程系(綠能光電組)	Department of Optoelectronic Materials Engineering (Green Energy Optoelectronics Group)
光電物理學系	Department of Optoelectronic Physics
光電科學與工程學系	Department of Optoelectronic Science and Engineering
光電科學與工程學系A組	Department of Optoelectronic Science and Engineering Group A
光電科學與工程學系B組	Department of Optoelectronic Science and Engineering Group B
光電科學與工程學系【外加】	Department of Optoelectronic Science and Engineering [Additional]
光電與材料工程學系	Department of Optoelectronics and Materials Engineering
光電與材料工程學系(人工智慧應用組)	Department of Optoelectronics and Materials Engineering (Artificial Intelligence Application Group)
光電與材料工程學系(半導體組)	Department of Optoelectronics and Materials Engineering (Semiconductor Group)
光電與材料工程學系(材料應用組)	Department of Optoelectronics and Materials Engineering (Materials Application Group)
光電與材料工程學系(生醫光電組)	Department of Optoelectronics and Materials Engineering (Biomedical Optoelectronics Group)
光電與材料科技學系	Department of Optoelectronics and Materials Technology
光電與通訊學系	Department of Optoelectronics and Communications
光電與通訊學系(光電綠能組)	Department of Optoelectronics and Communications (Optoelectronics and Green Energy Group)
光電與通訊學系(通訊網路組)	Department of Optoelectronics and Communications (Communication Network Group)
光電與通訊工程學系	Department of Optoelectronics and Communication Engineering
兒童教育暨事業經營系	Department of Children's Education and Business Management
兒童發展與家庭教育學系	Department of Child Development and Family Education
兒童與家庭學系	Department of Child and Family Studies
兒童與家庭服務系	Department of Children and Family Services
兒童英語教育學系	Department of Children's English Education
兒童英語教育學系(自費)	Department of Children's English Education (self-funded)
兒童英語教育系(公費)花蓮縣	Department of Children's English Education (Publicly Funded) Hualien County
全校不分系學士學位學程	Bachelor's degree programs across the school, regardless of department
全球商務學士學位學程	Bachelor's Degree in Global Business
全球商務與行銷系	Department of Global Business and Marketing
全球政治經濟學系全英語學士班	Bachelor's degree course in English in the Department of Global Political Economics
全球政治經濟學系全英語班	An all-English class in the Department of Global Political Economics
全球發展工程學士學位學程	Global Development Engineering Bachelor's Degree Program
全球發展工程學士學位學程材料工程組	Bachelor of Science in Global Development Engineering Materials Engineering Group
全球發展工程學士學位學程機械工程組	Bachelor of Science in Global Development Engineering Program Mechanical Engineering Section
公共事務學系	Department of Public Affairs
公共事務學系(國際與兩岸事務組)	Department of Public Affairs (International and Cross-Strait Affairs Group)
公共事務學系(行政管理組)	Department of Public Affairs (Administrative Management Section)
公共事務學系公共管理組(桃園校區)	Public Management Group, Department of Public Affairs (Taoyuan Campus)
公共事務學系專案管理組(桃園校區)	Project Management Group, Department of Public Affairs (Taoyuan Campus)
公共事務學系（桃園）	Department of Public Affairs (Taoyuan)
公共事務學系（桃園）【外加】	Department of Public Affairs (Taoyuan) [Additional]
公共事務系	Department of Public Affairs
公共事務系(國際兩岸事務組)	Department of Public Affairs (International Cross-Strait Affairs Group)
公共事務系公共管理組(桃園)	Public Management Group, Department of Public Affairs (Taoyuan)
公共事務系專案管理組(桃園)	Project Management Group, Department of Public Affairs (Taoyuan)
公共事務與公民教育學系	Department of Public Affairs and Civic Education
公共事務與公民教育學系公共事務組	Public Affairs Group, Department of Public Affairs and Civic Education
公共事務與公民教育學系公民教育組	Civic Education Section, Department of Public Affairs and Civic Education
公共事務與行政管理學系	Department of Public Affairs and Administration
公共事務與行政管理學系(桃園校區)	Department of Public Affairs and Administration (Taoyuan Campus)
公共安全及消防學士學位學程	Bachelor's Degree Program in Public Safety and Fire Protection
公共安全及消防系	Department of Public Safety and Fire Protection
公共政策與管理學系	Department of Public Policy and Management
公共與文化事務學系	Department of Public and Cultural Affairs
公共行政學系	Department of Public Administration
公共行政學系【外加】	Department of Public Administration【Additional】
公共行政暨政策學系	Department of Public Administration and Policy
公共行政暨政策學系【外加】	Department of Public Administration and Policy [Additional]
公共行政與國際事務學系	Department of Public Administration and International Affairs
公共行政與政策學系	Department of Public Administration and Policy
公共衛生學系	Department of Public Health
公共衛生學系(A組)	Department of Public Health (Group A)
公共衛生學系(B組)	Department of Public Health (Group B)
公共衛生學系A組	Department of Public Health Group A
公共衛生學系B組	Department of Public Health Group B
公共衛生學院大一不分系	Freshman School of Public Health regardless of department
公共關係暨廣告學系	Department of Public Relations and Advertising
公共關係暨廣告學系【外加】	Department of Public Relations and Advertising [Additional]
公共關係暨廣告系	Department of Public Relations and Advertising
公務與公民教育系	Department of Public Service and Civic Education
公務與公民教育系公共事務組	Public Affairs Section, Department of Public Service and Civic Education
公務與公民教育系公民教育組	Civic Education Section, Department of Public Affairs and Civic Education
公民教育與活動領導學系	Department of Civic Education and Activity Leadership
冷凍空調與能源系	Department of Refrigeration, Air Conditioning and Energy
冷凍空調與能源系環境控制組	Environmental Control Group, Department of Refrigeration, Air Conditioning and Energy
冷凍空調與能源系能源應用組	Energy Application Group, Department of Refrigeration, Air Conditioning and Energy
分子生物暨人類遺傳學系	Department of Molecular Biology and Human Genetics
分子科學與工程系	Department of Molecular Science and Engineering
創意商品設計學系	Department of Creative Product Design
創意商品設計學系(創意商品組)	Department of Creative Product Design (Creative Product Group)
創意商品設計學系(創意產品組)	Department of Creative Product Design (Creative Products Group)
創意商品設計學系文化創意組	Department of Creative Product Design, Cultural Creativity Group
創意商品設計學系生活創意組	Lifestyle Creativity Group, Department of Creative Product Design
創意商品設計科	Creative Product Design Department
創意商品設計系	Department of Creative Product Design
創意商品設計系(創意商品組)	Department of Creative Product Design (Creative Product Group)
創意商品設計系(科技商品組)	Department of Creative Product Design (Technology Product Group)
創意商品設計與管理系	Department of Creative Product Design and Management
創意整合設計學系	Department of Creative Integrated Design
創意生活設計系	Department of Creative Life Design
創意產品與遊戲設計系	Department of Creative Products and Game Design
創意產品設計系	Department of Creative Product Design
創意設計學士班	Bachelor of Creative Design
創意設計學院國際設計學士班	International Design Bachelor Class, College of Creative Design
創意設計系	Department of Creative Design
創新商品設計與創業管理系	Department of Innovative Product Design and Entrepreneurship Management
創新國際學院學士班	Bachelor's degree program at Innovation International College
創新應用管理學系	Department of Innovation and Applied Management
創新產品設計系	Department of Innovative Product Design
創新設計學院專班	Special classes at the School of Innovation and Design
創新設計工程系	Department of Innovation Design Engineering
創新設計工程系（第一校區）	Department of Innovation Design Engineering (First Campus)
創新設計與創業管理系	Department of Innovation Design and Entrepreneurship Management
劇場藝術學系	Department of Theater Arts
劇場藝術學系(女)	Department of Theater Arts (Female)
劇場藝術學系(男)	Department of Theater Arts (Male)
動力機械工程學系	Department of Power Mechanical Engineering
動力機械工程學系乙組	Department of Power Mechanical Engineering Group B
動力機械工程學系甲組	Department of Power Mechanical Engineering Group A
動力機械工程系	Department of Power Mechanical Engineering
動力機械科	Power Machinery Department
動力機械科產業機械組	Power Machinery Division Industrial Machinery Group
動力機械科車輛組	Power Machinery Division Vehicle Section
動漫文創設計學士學位學程	Bachelor's degree program in animation, cultural and creative design
動漫文創設計學士學位學程(桃園校區)	Bachelor's Degree Program in Animation, Cultural and Creative Design (Taoyuan Campus)
動漫文創設計學士學位學程（桃園）	Bachelor's Degree Program in Animation, Cultural and Creative Design (Taoyuan)
動漫遊戲美術應用學士學位學程	Bachelor of Applied Arts in Animation and Games Program
動物保健學士學位學程	Bachelor's Degree in Animal Health
動物保健系	Department of Animal Health
動物科學技術學系	Department of Animal Science and Technology
動物科學系	Department of Animal Science
動物科學與畜產系	Department of Animal Science and Livestock Production
動畫與遊戲設計系	Department of Animation and Game Design
動畫遊戲設計學系	Department of Animation and Game Design
勞動暨人力資源學系	Department of Labor and Human Resources
勞工關係學系	Department of Labor Relations
化妝品應用學士學位學程	Bachelor's Degree in Cosmetic Applications
化妝品應用科	Cosmetic Application Department
化妝品應用系	Department of Cosmetics Application
化妝品應用系（林口校區）	Department of Cosmetic Application (Linkou Campus)
化妝品應用與管理系	Department of Cosmetics Application and Management
化妝品與時尚彩妝系	Department of Cosmetics and Fashion Makeup
化學學系	Department of Chemistry
化學學系化學與生物化學組	Chemistry and Biochemistry Section, Department of Chemistry
化學學系材料化學組	Department of Chemistry Materials Chemistry Group
化學工程及材料工程學系	Department of Chemical Engineering and Materials Engineering
化學工程及材料工程學系【外加】	Department of Chemical Engineering and Materials Engineering [Additional]
化學工程學系	Department of Chemical Engineering
化學工程學系乙組	Department of Chemical Engineering Group B
化學工程學系材料工程組	Materials Engineering Group, Department of Chemical Engineering
化學工程學系生化工程組	Department of Chemical Engineering and Biochemical Engineering Group
化學工程學系甲組	Department of Chemical Engineering Group A
化學工程學系綠能製程組	Green Energy Processing Group, Department of Chemical Engineering
化學工程系	Department of Chemical Engineering
化學工程與材料工程學系	Department of Chemical Engineering and Materials Engineering
化學工程與材料工程學系(材料工程組)	Department of Chemical Engineering and Materials Engineering (Materials Engineering Group)
化學工程與材料工程學系(生化工程組)	Department of Chemical Engineering and Materials Engineering (Biochemical Engineering Group)
化學工程與材料工程學系(生化科技組)	Department of Chemical Engineering and Materials Engineering (Biochemical Technology Group)
化學工程與材料工程學系(程序工程組)	Department of Chemical Engineering and Materials Engineering (Procedure Engineering Group)
化學工程與材料工程學系(製程及能源工	Department of Chemical Engineering and Materials Engineering (Process and Energy Engineering
化學工程與材料工程學系(製程及能源工程組)	Department of Chemical Engineering and Materials Engineering (Process and Energy Engineering Group)
化學工程與材料工程系	Department of Chemical Engineering and Materials Engineering
化學工程與材料科學學系	Department of Chemical Engineering and Materials Science
化學工程與材料科技系	Department of Chemical Engineering and Materials Technology
化學工程與生物科技學系	Department of Chemical Engineering and Biotechnology
化學工程與生物科技學系(化學工程組)	Department of Chemical Engineering and Biotechnology (Chemical Engineering Group)
化學工程與生物科技學系(生物科技組)	Department of Chemical Engineering and Biotechnology (Biotechnology Group)
化學工程與生物科技系	Department of Chemical Engineering and Biotechnology
化學暨生物化學系	Department of Chemistry and Biochemistry
化學系	Department of Chemistry
化學系(公費)-花蓮縣	Department of Chemistry (Publicly Funded)-Hualien County
化學系(自費)	Department of Chemistry (at your own expense)
化學系【外加】	Department of Chemistry【Additional】
化學系化學生物組	Department of Chemistry, Chemical Biology Group
化學系化學生物組(A組)	Department of Chemistry, Chemical Biology Group (Group A)
化學系化學生物組(B組)	Department of Chemistry, Chemical Biology Group (Group B)
化學系化學組	Department of Chemistry Chemistry Group
化學系材料化學組	Department of Chemistry Materials Chemistry Group
化學系英語組	Department of Chemistry English Section
化工與材工系	Department of Chemical Engineering and Material Engineering
化工與材工系(材料工程組)	Department of Chemical Engineering and Materials Engineering (Materials Engineering Group)
化工與材工系(生化工程組)	Department of Chemical Engineering and Materials Engineering (Biochemical Engineering Group)
化工與材工系(製程及能源組)	Department of Chemical Engineering and Materials Engineering (Process and Energy Group)
化工與材料工程學系	Department of Chemical and Materials Engineering
化工與材料工程學系(化學工程組)	Department of Chemical and Materials Engineering (Chemical Engineering Group)
化工與材料工程學系(材料工程組)	Department of Chemical and Materials Engineering (Materials Engineering Group)
化工與材料工程系	Department of Chemical and Materials Engineering
化工與材料工程系化工與材料組	Chemical Engineering and Materials Group, Department of Chemical Engineering and Materials Engineering
化工與材料工程系半導體製程組	Semiconductor Processing Group, Department of Chemical and Materials Engineering
化工與材料工程系電動車能源組	Electric Vehicle Energy Group, Department of Chemical Engineering and Materials Engineering
化工與生物科技系	Department of Chemical Engineering and Biotechnology
化工與生物科技系(化工組)	Department of Chemical Engineering and Biotechnology (Chemical Engineering Group)
化工與生物科技系(生科組)	Department of Chemical Engineering and Biotechnology (Bioscience Group)
化粧品應用與管理系	Department of Cosmetics Application and Management
化粧品科學償-類繁星組	Cosmetic Science Compensation-Xingfanxing Group
化粧品科學系	Department of Cosmetic Science
化粧品科學系(化粧品化學組)	Department of Cosmetic Science (Cosmetic Chemistry Group)
化粧品科學系(生醫科學組)	Department of Cosmetic Sciences (Biomedical Sciences Group)
區域與社會發展學系	Department of Regional and Social Development
半導體學士學位學程	Semiconductor Bachelor's Degree Program
半導體學士學位學程(半導體製程組)	Bachelor's Degree Program in Semiconductors (Semiconductor Processing Group)
半導體學士學位學程(半導體設備組)	Bachelor's Degree Program in Semiconductors (Semiconductor Equipment Group)
半導體工程學系	Department of Semiconductor Engineering
半導體工程學系固態電子組	Solid State Electronics Group, Department of Semiconductor Engineering
半導體工程學系奈米科	Department of Semiconductor Engineering Nanotech
半導體工程學系奈米科學組	Nanoscience Group, Department of Semiconductor Engineering
半導體工程系	Department of Semiconductor Engineering
半導體工程系（楠梓校區）	Department of Semiconductor Engineering (Nanzi Campus)
半導體工程與材料系	Department of Semiconductor Engineering and Materials
半導體應用學士學位學程	Bachelor's Degree Program in Semiconductor Applications
半導體應用學士學位學程(桃園校區)	Bachelor's Degree Program in Semiconductor Applications (Taoyuan Campus)
半導體材料與製程學士學位學程	Semiconductor Materials and Processing Bachelor's Degree Program
半導體與光電工程系	Department of Semiconductor and Optoelectronic Engineering
半導體與光電科技系	Department of Semiconductor and Optoelectronics Technology
南亞技術學院	South Asia Institute of Technology
南臺科技大學	Southern Taiwan University of Science and Technology
南華大學	University of South China
南開科技大學	Nankai University of Science and Technology
原住民族樂舞與藝術學位學程	Aboriginal Music, Dance and Arts Degree Program
原住民族樂舞與藝術學士學位學程	Bachelor's Degree in Aboriginal Music, Dance and Arts
原子科學院學士班	Bachelor's degree at the Academy of Atomic Sciences
原鄉發展與運用學士學位學程	Bachelor's degree program in rural development and application
口腔衛生學系	Department of Dental Hygiene
口腔衛生學系【外加】	Department of Dental Hygiene【Additional】
口腔衛生照護系	Department of Oral Hygiene Care
口語傳播學系	Department of Oral Communication
口語傳播暨社群媒體學系	Department of Spoken Communication and Social Media
口語傳播暨社群媒體學系【外加】	Department of Spoken Communication and Social Media [Additional]
古蹟藝術修護學系	Department of Heritage and Art Conservation
台北海洋科技大學	Taipei University of Marine Science and Technology
台南應用科技大學	Tainan University of Technology
台灣人文創新學士學位學程	Taiwan Bachelor's Degree Program in Humanities Innovation
台灣文創產業學士學位學程	Bachelor's Degree Program in Taiwan's Cultural and Creative Industries
台灣文化創意產業學位學程	Taiwan Cultural and Creative Industries Degree Program
台灣文化創意產業學士學位學程	Taiwan Cultural and Creative Industries Bachelor's Degree Program
台灣文學系	Department of Taiwanese Literature
台灣語文學系	Department of Taiwanese Language and Literature
台鋼科技大學	National Taiwan Steel University of Science and Technology
史學系	Department of History
合作經濟暨社會事業經營學系	Department of Cooperative Economics and Social Business Administration
吳鳳科技大學	Wu Feng University of Science and Technology
呼吸治療學系	Department of Respiratory Therapy
和春技術學院	Hechun Technical College
哲學系	Department of Philosophy
商務科技管理系	Department of Business Technology Management
商務資訊應用系	Department of Business Information Application
商務資訊應用系（楠梓校區）	Department of Business Information Application (Nanzi Campus)
商品創意經營系	Product Creative Management Department
商品創意經營系（桃園校區）	Department of Creative Commodity Management (Taoyuan Campus)
商品與遊戲設計系	Department of Product and Game Design
商品設計學系	Department of Product Design
商品設計學系(桃園校區)	Department of Product Design (Taoyuan Campus)
商品設計學系人工智慧應用組(桃園校	Artificial Intelligence Application Group, Department of Product Design (Taoyuan Campus
商品設計學系產品行銷企劃組(桃園校	Product Marketing Planning Group, Department of Product Design (Taoyuan Campus
商品設計學系福祉生活設計組(桃園校	Welfare Life Design Group, Department of Product Design (Taoyuan Campus
商品設計學系（桃園）	Department of Product Design (Taoyuan)
商品設計系	Department of Product Design
商學院不分系	Business schools are not divided into departments
商業大數據學系	Department of Business Big Data
商業自動化與管理學系	Department of Business Automation and Management
商業設計學系	Department of Business Design
商業設計學系(桃園校區)	Department of Business Design (Taoyuan Campus)
商業設計學系商業設計組	Business Design Group, Department of Business Design
商業設計學系產品設計組	Product Design Group, Department of Business Design
商業設計學系產品設計組乙類	Department of Business Design Product Design Group Category B
商業設計學系產品設計組甲類	Department of Business Design Product Design Group Category A
商業設計學系（桃園）	Department of Business Design (Taoyuan)
商業設計管理系	Department of Business Design Management
商業設計管理系（桃園校區）	Department of Business Design Management (Taoyuan Campus)
商業設計系	Department of Commercial Design
商管學院全球財管學位學程	School of Business and Management Global Financial Management Degree Program
商船學系	Department of Merchant Shipping
商船學系【外加】	Department of Merchant Marine [Additional]
嘉南藥理大學	Jianan University of Pharmacy
嘉藥學校財團法人嘉南藥理大學	Jia Nan Pharmacy University
國文學系	Department of Chinese Literature
國文學系【外加】	Department of Chinese Literature【Additional】
國立中央大學	national central university
國立中山大學	National Sun Yat-sen University
國立中正大學	National Chung Cheng University
國立中興大學	National Chung Hsing University
國立交通大學	National Chiao Tung University
國立勤益科技大學	National Qinyi University of Science and Technology
國立嘉義大學	National Chiayi University
國立宜蘭大學	National Yilan University
國立屏東大學	National Pingtung University
國立屏東科技大學	National Pingtung University of Science and Technology
國立彰化師範大學	National Changhua Normal University
國立成功大學	National Cheng Kung University
國立政治大學	National Chengchi University
國立暨南國際大學	National Jinan International University
國立東華大學	National Dong Hwa University
國立清華大學	National Tsing Hua University
國立澎湖科技大學	National Penghu University of Science and Technology
國立聯合大學	National Union University
國立臺中教育大學	National Taichung University of Education
國立臺中科技大學	National Taichung University of Science and Technology
國立臺北商業大學	National Taipei University of Commerce
國立臺北大學	National Taipei University
國立臺北教育大學	National Taipei University of Education
國立臺北科技大學	National Taipei University of Technology
國立臺北護理健康大學	National Taipei University of Nursing and Health
國立臺南大學	National Tainan University
國立臺南藝術大學	National Tainan University of the Arts
國立臺南護理專科學校	National Tainan College of Nursing
國立臺東大學	National Taitung University
國立臺東專科學校	National Taitung College
國立臺灣大學	National Taiwan University
國立臺灣師範大學	National Taiwan Normal University
國立臺灣海洋大學	National Taiwan Ocean University
國立臺灣科技大學	National Taiwan University of Science and Technology
國立臺灣藝術大學	National Taiwan University of Arts
國立臺灣體育運動大學	National Taiwan Sports University
國立虎尾科技大學	National Huwei University of Science and Technology
國立金門大學	National Quemoy University
國立陽明交通大學	National Yang-Ming Chiao Tung University
國立陽明大學	National Yang-Ming University
國立雲林科技大學	National Yunlin University of Science and Technology
國立體育大學	national sports university
國立高雄大學	National Kaohsiung University
國立高雄師範大學	National Kaohsiung Normal University
國立高雄科技大學	National Kaohsiung University of Science and Technology
國立高雄餐旅大學	National Kaohsiung University of Hospitality and Tourism
國語文學系	Department of Chinese Language and Literature
國語文學系【外加】	Department of Chinese Literature【Additional】
國際事務系	Department of International Affairs
國際事務與企業學系	Department of International Affairs and Entrepreneurship
國際事務與企業學系人工智慧與公共治	Artificial Intelligence and Public Governance, Department of International Affairs and Entrepreneurship
國際事務與企業學系公共事務與管理組	Public Affairs and Management Group, Department of International Affairs and Entrepreneurship
國際事務與企業學系外交與國際事務組	Diplomacy and International Affairs Section, Department of International Affairs and Entrepreneurship
國際事務與外交學士學位學程	Bachelor's degree program in International Affairs and Diplomacy
國際事務與外交學士學位學程(全英語授	Bachelor's degree program in International Affairs and Diplomacy (taught entirely in English
國際事務與外交學士學位學程（全英語授課．桃園）	Bachelor's Degree Program in International Affairs and Diplomacy (Taught entirely in English. Taoyuan)
國際企業學系	Department of International Business
國際企業學系(國際經營與行銷組)	Department of International Business (International Management and Marketing Group)
國際企業學系(國際貿易與運籌組)	Department of International Business (International Trade and Operations Research Group)
國際企業學系A組	Group A, Department of International Business Studies
國際企業學系B組	Group B, Department of International Business Studies
國際企業學系全球運籌營運組	Global Operations Group, Department of International Business
國際企業學系全球運籌營運組(台北校	Global Operations Group, Department of International Business (Taipei Campus
國際企業學系全球運籌營運組（臺北）	Global Operations Group, Department of International Business (Taipei)
國際企業學系商務管理組	Business Management Group, Department of International Business
國際企業學系國際商學全英語組	Department of International Business, International Business, English Section
國際企業學系外貿行銷管理組	Foreign Trade Marketing Management Group, Department of International Business
國際企業學系外貿行銷管理組(台北校	Foreign Trade Marketing Management Group, Department of International Business (Taipei Campus
國際企業學系外貿行銷管理組（臺北）	Foreign Trade Marketing Management Group, Department of International Business (Taipei)
國際企業學系智慧管理組(台北校區)	Intelligent Management Group, Department of International Business (Taipei Campus)
國際企業學系經貿管理組	Economic and Trade Management Group, Department of International Business
國際企業學系跨境行鈉組	Cross-Border Business Group, Department of International Business
國際企業學系跨境電商經營組	Cross-border e-commerce management group, Department of International Business
國際企業學系跨境電商經營組(台北校	Cross-border E-commerce Management Group, Department of International Business (Taipei Campus
國際企業學系跨境電商經營組（臺北）	Cross-border E-commerce Operations Group, Department of International Business (Taipei)
國際企業管理全英語學士學位學程	Full-English Bachelor's Degree in International Business Management
國際企業管理全英語學士學位學程A組	International Business Management Full English Bachelor's Degree Program Group A
國際企業管理全英語學士學位學程B組	International Business Management Full English Bachelor's Degree Program Group B
國際企業管理學系	Department of International Business Management
國際企業管理學系(國際買易績)	Department of International Business Management (International Business Administration)
國際企業管理學系(高雄校區)	Department of International Business Management (Kaohsiung Campus)
國際企業管理學系兩岸工商管理組(高雄	Cross-Strait Business Administration Group, Department of International Business Management (Kaohsiung
國際企業管理學系兩岸工商管理組(高雄校區)	Cross-Strait Business Administration Group, Department of International Business Management (Kaohsiung Campus)
國際企業管理學系外匯數位金融組(高雄	Foreign Exchange Digital Finance Group, Department of International Business Management (Kaohsiung
國際企業管理學系德國經貿商務組(高雄校區)	German Economics and Trade Group, Department of International Business Management (Kaohsiung Campus)
國際企業管理學系日韓商務組	Department of International Business Administration Japan-Korea Business Group
國際企業管理學系日韓商務組(高雄校	Department of International Business Administration, Japan and Korea Business Section (Kaohsiung Campus
國際企業管理學系日韓商務組(高雄校區)	Japan-Korea Business Group, Department of International Business Management (Kaohsiung Campus)
國際企業管理學系東南亞商務組(高雄校	Southeast Asia Business Group, Department of International Business Administration (Kaohsiung Campus
國際企業管理學系東南亞商務組(高雄校區)	Southeast Asia Business Group, Department of International Business Administration (Kaohsiung Campus)
國際企業管理學系韓國文創產業經營組	Korean Cultural and Creative Industry Management Group, Department of International Business Administration
國際企業管理學銷(跨境電商純)	International business management training (pure cross-border e-commerce)
國際企業管理系	Department of International Business Management
國際企業系	Department of International Business
國際企業系(國際經營行銷組)	Department of International Business (International Business and Marketing Group)
國際企業系(國際貿易運籌組)	Department of International Business (International Trade Operations Group)
國際企業系國際商學全英語組	Department of International Business International Business English Section
國際企業系（燕巢校區）	Department of International Business (Yanchao Campus)
國際企業經營學系	Department of International Business Administration
國際企業經營學系(國際學院)	Department of International Business Administration (College of International Studies)
國際企業經營系	Department of International Business Administration
國際企業經營系航空行銷組	Aviation Marketing Group, Department of International Business Administration
國際企業經營系觀光休閒組	Tourism and Leisure Section, Department of International Business Administration
國際企業經營英語學士學位學程	Bachelor's degree program in English for International Business
國際企業經營英語學士學位學程(國際學	Bachelor's Degree Program in English for International Business Management (International Studies
國際企業與貿易學士學位學程	Bachelor's DegreeInternational Business and Trade
國際企業與貿易學士學位學程(全英語授	Bachelor's degree program in International Business and Trade (taught entirely in English
國際企業與貿易學士學位學程（全英語授課．臺北）	Bachelor's Degree Program in International Business and Trade (Taught entirely in English. Taipei)
國際企業與貿易學系	Department of International Business and Trade
國際企業英語學士學位學程	Bachelor's Degree in English for International Business
國際企業英語學士學位學程(臺北校區)	Bachelor's Degree Program in International Business English (Taipei Campus)
國際企業貿易學位學程	International Business and Trade Degree Program
國際企業貿易學位學程(台北)	International Business and Trade Degree Program (Taipei)
國際傳媒與娛樂管理學系	Department of International Media and Entertainment Management
國際傳媒與娛樂管理學系(國際學院)	Department of International Media and Entertainment Management (International College)
國際傳媒與娛樂管理英語學士學位學程	Bachelor's Degree in International Media and Entertainment Management in English
國際商務外語系	Department of International Business and Foreign Languages
國際商務學系	Department of International Business
國際商務系	Department of International Business
國際商務系國際企業與行銷組	International Business and Marketing Group, Department of International Business
國際商務系國際貿易與金融組	International Trade and Finance Group, Department of International Business
國際商務系（台北校區）	Department of International Business (Taipei Campus)
國際商務系（臺北校區）	Department of International Business (Taipei Campus)
國際商務與行銷系	Department of International Business and Marketing
國際商務與行銷系（台北校區）	Department of International Business and Marketing (Taipei Campus)
國際學院國際經營管理學位學程	International College International Business Management Degree Program
國際學院國際經管學位學程	International College International Economics and Management Degree Program
國際廚藝學士學位學程	Bachelor's Degree in International Culinary Arts
國際文教與比較教育學系	Department of International Literature and Comparative Education
國際暨大陸事務學系	Department of International and Mainland Affairs
國際會展管理學士學位學程	Bachelor's Degree Program in International Exhibition Management
國際服務產業管理學位學程	International Service Industry Management Degree Program
國際服務產業管理學士學位學程	Bachelor's Degree Program in International Service Industry Management
國際溝通暨應用英語學系	Department of International Communication and Applied English
國際溝通與科技創新學士學位學程	Bachelor's Degree Program in International Communication and Technological Innovation
國際溝通英語系	Department of International Communication English
國際管理學士學位學程	Bachelor's Degree in International Management
國際經營管理全英語學士學位學程	Bachelor's degree program in international business management in English
國際經營與貿易學系	Department of International Business and Trade
國際經營與貿易學系(A組)	Department of International Business and Trade (Group A)
國際經營與貿易學系(B組)	Department of International Business and Trade (Group B)
國際經營與貿易學系(社會組)	Department of International Business and Trade (Social Group)
國際經營與貿易學系(自然組)	Department of International Business and Trade (Natural Group)
國際經營與貿易學系(臺北)	Department of International Business and Trade (Taipei)
國際經營與貿易學系(臺北校區)	Department of International Business and Trade (Taipei Campus)
國際經營與貿易學系【外加】	Department of International Business and Trade【Additional】
國際經營與貿易學系國際企業組(臺北校	International Enterprise Section, Department of International Business and Trade (Taipei Campus
國際經營與貿易學系國際貿易組(臺北校	International Trade Section, Department of International Business and Trade (Taipei Campus
國際經營與貿易系國企管理班	State-owned Enterprise Management Class, Department of International Business and Trade
國際經管學位學程	International Economics and Management Degree Program
國際經管學位學程(英語專班)	International Economics and Management Degree Program (Specialized in English)
國際觀光學士學位學程	Bachelor's Degree in International Tourism
國際觀光管理學系全英語學士班	Bachelor's degree program in English at the Department of International Tourism Management
國際觀光管理學系全英語學士班(全球跨	Bachelor's degree program in English at the Department of International Tourism Management (Global Transnational
國際觀光管理學系全英語學士班(海外實	All-English Bachelor's Class in the Department of International Tourism Management (Overseas Internship
國際觀光管理學系全英語學士班(海外實習組)	Bachelor's degree program in English at the Department of International Tourism Management (overseas internship group)
國際觀光管理學系全英語學士班(產業實	Bachelor's degree class in English at the Department of International Tourism Management (Industrial Practice
國際觀光管理學系全英語學士班(產業實習組)	Bachelor's degree program in English at the Department of International Tourism Management (Industrial Internship Group)
國際觀光管理系	Department of International Tourism Management
國際觀光管理系(海外實習組)	Department of International Tourism Management (Overseas Internship Group)
國際觀光管理系(產業實習組)	Department of International Tourism Management (Industrial Internship Group)
國際觀光餐旅學系	Department of International Tourism and Hospitality Studies
國際觀光餐旅學系(國際學院)	Department of International Tourism and Hospitality Studies (College of International Studies)
國際財務金融學系	Department of International Finance and Finance
國際財務金融學系(國際學院)	Department of International Finance (College of International Studies)
國際財務金融學系國際貿易組	International Trade Section, Department of International Finance
國際財務金融學系國際金融組(國際學	International Finance Section, Department of International Finance (International Studies
國際財務金融學系財務投資組	Financial Investment Group, Department of International Finance
國際財務金融學系財務投資組(國際學	Financial Investment Group, Department of International Finance (International Studies
國際貿易學系	Department of International Trade
國際貿易學系(高雄校區)	Department of International Trade (Kaohsiung Campus)
國際貿易學系跨境會展組(高雄校區)	Cross-Border Exhibition Group, Department of International Trade (Kaohsiung Campus)
國際貿易系	Department of International Trade
國際貿易系亞太貿易組	Asia-Pacific Trade Group, Department of International Trade
國際貿易系歐美貿易組	European and American Trade Group, Department of International Trade
國際貿易與經營系	Department of International Trade and Management
國際農企業學士學位學程	Bachelor's Degree Program in International Agribusiness
國際體育運動事務學士學位學程	Bachelor's Degree in International Sports Affairs
園藝學系	Department of Horticulture
園藝學系【外加】	Department of Horticulture【Additional】
園藝暨景觀學系	Department of Horticulture and Landscape Studies
園藝暨景觀科	Department of Horticulture and Landscape
園藝暨生物技術學系	Department of Horticulture and Biotechnology
園藝系	Department of Horticulture
圖文傳播學系	Department of Graphic Communication
圖文傳播暨數位出版學系	Department of Graphic Communication and Digital Publishing
圖文傳播藝術學系	Department of Graphic Communication Arts
圖書資訊學系	Department of Library and Information Science
土地管理學系	Department of Land Management
土地管理學系A組	Department of Land Management Group A
土地管理學系B組	Department of Land Management Group B
土地管理與開發學系	Department of Land Management and Development
土地資源學系	Department of Land Resources
土地資源學系A組	Department of Land Resources Group A
土地資源學系B組	Department of Land Resources Group B
土地資源學系土地管理組	Land Management Group, Department of Land Resources
土地資源學系科	Department of Land Resources
土地資源學系科技應用組	Science and Technology Application Group, Department of Land Resources
土壤環境科學系	Department of Soil Environmental Science
土木工程學系	Department of Civil Engineering
土木工程學系(科技暨基礎建設永續發展	Department of Civil Engineering (Technology and Infrastructure Sustainable Development
土木工程學系【外加】	Department of Civil Engineering【Additional】
土木工程系	Department of Civil Engineering
土木工程系（台北校區）	Department of Civil Engineering (Taipei Campus)
土木工程系（建工校區）	Department of Civil Engineering (Jiangong Campus)
土木工程與環境資源管理系	Department of Civil Engineering and Environmental Resources Management
土木與坊境工程學系坊境工程組	Environmental Engineering Group, Department of Civil and Environmental Engineering
土木與壞境工程學系土木工程組	Civil Engineering Group, Department of Civil and Environmental Engineering
土木與工程管理學系	Department of Civil and Engineering Management
土木與工程管理學系【外加】	Department of Civil and Engineering Management【Additional】
土木與水資源工程學系	Department of Civil and Water Resources Engineering
土木與環境工程學系	Department of Civil and Environmental Engineering
土木與環境工程學系【外加】	Department of Civil and Environmental Engineering [Additional]
土木與生態工程學系	Department of Civil and Ecological Engineering
土木與生態工程系	Department of Civil and Ecological Engineering
土木與生態工程系創新規劃組	Department of Civil and Ecological Engineering Innovation Planning Group
土木與生態工程系環境永續組	Environmental Sustainability Group, Department of Civil and Ecological Engineering
土木與空間資訊系	Department of Civil Engineering and Spatial Information
土木與防災工程學系	Department of Civil and Disaster Prevention Engineering
土木與防災系	Department of Civil Engineering and Disaster Prevention
土木與防災系（台北校區）	Department of Civil Engineering and Disaster Prevention (Taipei Campus)
土木與防災系（臺北校區）	Department of Civil Engineering and Disaster Prevention (Taipei Campus)
土木與防災設計系	Department of Civil Engineering and Disaster Prevention Design
土木與防災設計系（台北校區）	Department of Civil Engineering and Disaster Prevention Design (Taipei Campus)
土耳其語文學系	Department of Turkish Philology
地政學系	Department of Land Studies
地政學系土地測量與資訊組	Land Surveying and Information Section, Department of Land Science
地政學系土地測量與資訊組【外加】	Land Surveying and Information Group, Department of Land Affairs [Additional]
地政學系土地管理組	Land Management Section, Department of Land Studies
地政學系土地管理組【外加】	Land Management Section, Department of Land Studies [Additional]
地政學系土地資源規劃組	Land Resources Planning Group, Department of Land Affairs
地景建築學系	Department of Landscape Architecture
地球環境暨生物資源學系	Department of Earth Environment and Bioresources
地球科學學系	Department of Earth Sciences
地球科學學院學士班	Bachelor's degree at the School of Earth Sciences
地球科學系	Department of Earth Sciences
地球與環境科學系	Department of Earth and Environmental Sciences
地理學系	Department of Geography
地理學系A組	Department of Geography Group A
地理學系B組	Department of Geography Group B
地理學系【外加】	Department of Geography【Additional】
地理環境資源學系	Department of Geography, Environmental Resources
地理環境資源學系A組	Department of Geography, Environmental Resources, Group A
地理環境資源學系B組	Department of Geography, Environmental Resources, Group B
地質學系	Department of Geology
地質科學系	Department of Geological Sciences
城市發展學系	Department of Urban Development
外交學系	Department of Diplomacy
外交與國際關係學系全英語學士班	Bachelor's degree program in English in the Department of Diplomacy and International Relations
外交與國際關係學系學士班	Bachelor's DegreeDepartment of Diplomacy and International Relations
外國語文學系	Department of Foreign Languages and Literature
外國語文學系(英日組)	Department of Foreign Languages and Literature (English-Japanese Group)
外國語文學系(英韓組)	Department of Foreign Languages and Literature (English-Korean Group)
外國語文學系(語文專業組)	Department of Foreign Languages and Literatures (Language Major Group)
外國語文學系(語文應用組)	Department of Foreign Languages and Literature (Language Application Group)
外國語文學系【外加】	Department of Foreign Languages and Literature【Additional】
外國語言學系	Department of Foreign Languages
外國語言學系應用外語組	Applied Foreign Language Group, Department of Foreign Linguistics
外國語言學系英語教學組	English Teaching Group, Department of Foreign Linguistics
外國語言系英語教學組(自費)	English Teaching Group, Department of Foreign Languages (self-funded)
外語教學系	Department of Foreign Language Teaching
外語系	Department of Foreign Languages
外語系英語教學組(公費)雲林	Department of Foreign Languages English Teaching Group (Publicly Funded) Yunlin
多媒體動畫應用系	Department of Multimedia Animation Application
多媒體動畫系	Department of Multimedia Animation
多媒體動畫藝術學系	Department of Multimedia Animation Arts
多媒體動畫設計系	Department of Multimedia Animation Design
多媒體數位內容學士學位學程	Bachelor's Degree in Multimedia Digital Content
多媒體數位內容學士學位學程(動漫美術	Bachelor's Degree Program in Multimedia Digital Content (Animation Art
多媒體數位內容學士學位學程(動畫與影	Bachelor's Degree in Multimedia Digital Content (Animation and Film
多媒體數位內容學士學位學程(漫畫創作	Bachelor's degree program in Multimedia Digital Content (Comic Creation
多媒體數位內容學士學位學程(遊戲與互	Bachelor's degree program in Multimedia Digital Content (Games and Interactive
多媒體數位內容學士學位學程(遊戲與人	Bachelor's degree program in Multimedia Digital Content (Games and People
多媒體與遊戲發展科學系	Department of Multimedia and Game Development Sciences
多媒體與遊戲發展管理系	Department of Multimedia and Game Development Management
多媒體與遊戲發展系	Department of Multimedia and Game Development
多媒體與遊戲科學系	Department of Multimedia and Game Science
多媒體與遊戲設計系	Department of Multimedia and Game Design
多媒體與電腦娛樂科學系	Department of Multimedia and Computer Entertainment Sciences
多媒體設計系	Department of Multimedia Design
多媒體遊戲發展與應用系	Department of Multimedia Game Development and Application
大一不分系學士班	Freshman bachelor's degree program regardless of department
大仁科技大學	Daren University of Science and Technology
大同大學	Datong University
大同技術學院	datong technical college
大數據商務應用學士學位學程	Big Data Business Application Bachelor's Degree Program
大氣科學學系	Department of Atmospheric Science
大氣科學學系大氣組	Atmospheric Section, Department of Atmospheric Science
大氣科學學系太空組	Space Section, Department of Atmospheric Science
大氣科學系	Department of Atmospheric Sciences
大氣與地質科學系	Department of Atmospheric and Geological Sciences
大漢技術學院	dahan technical college
大眾傳播學系	Department of Mass Communication
大華科技大學	Dahua University of Science and Technology
大葉大學	Daye University
太空科學與工程學系	Department of Space Science and Engineering
奈米科學及工程學士學位學程	Bachelor's Degree Program in Nanoscience and Engineering
奈米科學及工程學士學位學程乙組(主修	Bachelor's Degree in Nanoscale Science and Engineering, Group B (Major
奈米科學及工程學士學位學程乙組(主修奈米)	Bachelor's Degree in Nanoscale Science and Engineering, Group B (Majoring in Nanoscale)
奈米科學及工程學士學位學程甲組(主修	Bachelor's Degree in Nanoscience and Engineering Group A (Major
奈米科學及工程學士學位學程甲組(主修半導體)	Bachelor's Degree in Nanoscale Science and Engineering, Group A (Majoring in Semiconductors)
娛樂事業管理學系	Department of Entertainment Management
娛樂事業管理學系影視娛樂組	Department of Entertainment Management, Film and Television Entertainment Group
娛樂事業管理學系活動策展組	Event Curating Group of the Department of Entertainment Management
婚禮企劃暨節慶管理學位學程	Wedding Planning and Festival Management Degree Program
婚禮企劃與設計系	Department of Wedding Planning and Design
媒體傳達設計學系	Department of Media Communication Design
媒體傳達設計學系創意媒體組	Creative Media Group, Department of Media Communication Design
媒體傳達設計學系創意媒體設計組(臺北	Creative Media Design Group, Department of Media Communication Design (Taipei
媒體傳達設計學系創意媒體設計組(臺北校區)	Creative Media Design Group, Department of Media Communication Design (Taipei Campus)
媒體傳達設計學系動畫影像設計組(臺北	Animation Image Design Group, Department of Media Communication Design (Taipei
媒體傳達設計學系數位3D動畫設計組(臺	Department of Media Communication Design Digital 3D Animation Design Group (Taiwan)
媒體傳達設計學系數位3D動畫設計組(臺北校區)	Department of Media Communication Design Diploma 3D Animation Design Group (Taipei Campus)
媒體傳達設計系創意媒體組	Creative Media Group, Department of Media Communication Design
媒體傳達設計系數位3D動畫組	Media Communication Design Coefficient 3D Animation Group
媒體設計學系	Department of Media Design
媒體設計學系互動媒體組(一)	Interactive Media Group (1), Department of Media Design
媒體設計學系互動媒體組(二)	Interactive Media Group (2), Department of Media Design
媒體設計學系互動媒體設計組	Interactive Media Design Group, Department of Media Design
媒體設計學系互動媒體設計組(國際組)	Interactive Media Design Group (International Group), Department of Media Design
媒體設計學系互動媒體設計組(社會組	Interactive Media Design Group (Social Group), Department of Media Design
媒體設計學系互動媒體設計組(社會組)	Interactive Media Design Group (Social Group), Department of Media Design
媒體設計學系互動媒體設計組(自然組)	Interactive Media Design Group (Natural Group), Department of Media Design
媒體設計學系數位遊戲組(一)	Department of Media Design Diploma Game Group (1)
媒體設計學系數位遊戲組(二)	Department of Media Design Diploma Game Group (2)
媒體設計學系數位遊戲設計組	Department of Media Design Bachelor's Degree Game Design Group
媒體設計學系數位遊戲設計組(國際組)	Department of Media Design Bachelor's Degree Game Design Group (International Group)
媒體設計學系數位遊戲設計組(社會組	Department of Media Design Bachelor's Degree Game Design Group (Social Group
媒體設計學系數位遊戲設計組(社會組)	Department of Media Design Bachelor's Degree Game Design Group (Social Group)
媒體設計學系數位遊戲設計組(自然組)	Department of Media Design Bachelor's Degree Game Design Group (Natural Group)
媒體設計科技學系	Department of Media Design Technology
媒體設計系互動媒體組社一組	Department of Media Design Interactive Media Group 1
媒體設計系互動媒體組社二組	Group 2, Interactive Media Group, Department of Media Design
媒體設計系互動媒體組自然組	Department of Media Design Interactive Media Group Natural Group
媒體設計系數位遊戲組社一組	Media Design Co., Ltd. is a group of game groups
媒體設計系數位遊戲組社二組	Media Design Co., Ltd. Game Group 2
媒體設計系數位遊戲組自然組	media design coefficient bit game group nature group
嬰幼兒保育學系	Department of Infant and Child Care
嬰幼兒保育學系(台北校區)	Department of Infant and Child Care (Taipei Campus)
嬰幼兒保育系	Department of Infant and Child Care
學士班大一大二不分系	Bachelor's degree classes are divided into freshmen and sophomores regardless of department.
學習科學學士學位學程	Study a Bachelor of Science degree
學習與媒材設計學系	Department of Learning and Media Design
安全科技與管理系	Department of Safety Technology and Management
宏國德霖科技大學	Hongguo Delin University of Science and Technology
宗教學系	Department of Religious Studies
客家語文暨社會科學學系	Department of Hakka Languages and Social Sciences
客家語文暨社會科學學系客家社會及政	Department of Hakka Language and Social Sciences Hakka Society and Politics
客家語文暨社會科學學系客家語文及傳	Department of Hakka Language and Social Sciences Hakka Language and Tradition
室內設計學士學位學程	Bachelor's Degree in Interior Design
室內設計學系	Department of Interior Design
室內設計學系(住宅空間組)	Department of Interior Design (Residential Space Group)
室內設計學系(商業空間組)	Department of Interior Design (Commercial Space Group)
室內設計學系(智慧空間組)	Department of Interior Design (Smart Space Group)
室內設計學系住宅空間組	Department of Interior Design Residential Space Group
室內設計學系商業空間組	Commercial Space Group, Department of Interior Design
室內設計學系智慧空間組	Smart Space Group, Department of Interior Design
室內設計系	Department of Interior Design
室內設計系（台北校區）	Department of Interior Design (Taipei Campus)
室內設計系（新竹校區）	Department of Interior Design (Hsinchu Campus)
室內設計系（臺北校區）	Department of Interior Design (Taipei Campus)
室內設計與管理系	Department of Interior Design and Management
家庭研究與兒童發展學系	Department of Family Studies and Child Development
家庭研究與兒童發展學系(臺北校區)	Department of Family Studies and Child Development (Taipei Campus)
家庭研究與兒童發展系(臺北)	Department of Family Studies and Child Development (Taipei)
實踐大學	practice university
寰宇外語教育學士學位學程	Global Foreign Language Education Bachelor's Degree Program
寰宇外語教育學士學位學程【外加】	Universal Foreign Language Education Bachelor's Degree Program [Additional]
寰宇管理學士學位學程	Global Management Bachelor's Degree Program
寵物保健學士學位學程	Bachelor's Degree in Pet Health Care
寵物保健系	Department of Pet Health Care
寵物業經營管理系	Department of Pet Industry Management
寵物業經營管理系（淡水校區）	Department of Pet Industry Management (Tsui Campus)
寵物照護暨美容學士學位學程	Bachelor's Degree in Pet Care and Grooming
寵物照護暨美容系	Department of Pet Care and Grooming
寵物照護與美容系	Department of Pet Care and Grooming
寵物美容學士學位學程	Pet Grooming Bachelor's Degree Program
尼械與自動化工程學魚(車輛科技與綠色能源組)	Mechanical and Automation Engineering Fish (Vehicle Technology and Green Energy Group)
屁械與自動化工程學銷(機電整合費)	Mechanical and automation engineering sales (mechanical and electrical integration fee)
崇右影藝科技大學	Chongyou University of Film and Technology
崑山科技大學	Kunshan University of Science and Technology
嶺東科技大學	Lingdong University of Science and Technology
工商業設計系	Department of Industrial and Commercial Design
工商管理學系	Department of Business Administration
工商管理學系(工商創業組)	Department of Business Administration (Business Entrepreneurship Section)
工商管理學系(工業管理組)	Department of Business Administration (Industrial Management Group)
工商管理學系(數智商務組)	Department of Business Administration (Digital Intelligence Business Group)
工商管理學系(社會組)	Department of Business Administration (Social Group)
工商管理學系(自然組)	Department of Business Administration (Natural Group)
工商管理學系企業管理組	Business Management Group, Department of Business Administration
工商管理學系企業管理組A組	Group A, Business Management Group, Department of Business Administration
工商管理學系企業管理組B組	Group B, Business Management Group, Department of Business Administration
工商管理學系科	Department of Business Administration
工商管理學系科技管理組	Technology Management Group, Department of Business Administration
工學院學士班	Bachelor's degree in the School of Engineering
工工與經營系	Department of Engineering and Business Administration
工工與經營系(經營與管理組)	Department of Engineering and Business Administration (Business and Management Group)
工工與經營系(設計與生產組)	Department of Engineering and Management (Design and Production Group)
工業人工智慧學士學位學程	Bachelor's Degree Program in Industrial Artificial Intelligence
工業工程與工程管理學系	Department of Industrial Engineering and Engineering Management
工業工程與管理學系	Department of Industrial Engineering and Management
工業工程與管理學系(A組)	Department of Industrial Engineering and Management (Group A)
工業工程與管理學系(B組)	Department of Industrial Engineering and Management (Group B)
工業工程與管理學系(智慧製造組)	Department of Industrial Engineering and Management (Smart Manufacturing Group)
工業工程與管理學系(管理科學組)	Department of Industrial Engineering and Management (Management Science Group)
工業工程與管理學系(電子化應用組)	Department of Industrial Engineering and Management (Electronic Application Group)
工業工程與管理學系【外加】	Department of Industrial Engineering and Management【Additional】
工業工程與管理學系乙組	Group B, Department of Industrial Engineering and Management
工業工程與管理學系甲組	Department of Industrial Engineering and Management Group A
工業工程與管理系	Department of Industrial Engineering and Management
工業工程與管理系（建工校區）	Department of Industrial Engineering and Management (Jiangong Campus)
工業工程與系統管理學系	Department of Industrial Engineering and Systems Management
工業工程與系統管理學系A組	Department of Industrial Engineering and Systems Management Group A
工業工程與系統管理學系B組	Group B, Department of Industrial Engineering and Systems Management
工業工程與經營資訊學系	Department of Industrial Engineering and Business Informatics
工業工程與經營資訊學系(智慧經營與管	Department of Industrial Engineering and Business Informatics (Smart Business and Management
工業工程與經營資訊學系(智慧經營與管理組乙組)	Department of Industrial Engineering and Business Informatics (Intelligent Operation and Management Group B)
工業工程與經營資訊學系(智慧經營與管理組甲組)	Department of Industrial Engineering and Business Informatics (Smart Operations and Management Group A)
工業工程與經營資訊學系(智慧設計與生	Department of Industrial Engineering and Business Informatics (Smart Design and Production
工業工程與經營資訊學系(智慧設計與生產組)	Department of Industrial Engineering and Business Informatics (Smart Design and Production Group)
工業教育學系	Department of Industrial Education
工業教育與技術學系	Department of Industrial Education and Technology
工業產品設計學系	Department of Industrial Product Design
工業產品設計學系(臺北校區)	Department of Industrial Product Design (Taipei Campus)
工業產品設計系	Department of Industrial Product Design
工業產品設計系(創意生活組)	Department of Industrial Product Design (Creative Lifestyle Group)
工業產品設計系(工業設計組)	Department of Industrial Product Design (Industrial Design Group)
工業科技教育學系	Department of Industrial Science and Technology Education
工業科技教育學系科	Department of Industrial Science and Technology Education
工業科技教育學系科技教育與訓練組	Science and Technology Education and Training Group, Department of Industrial Science and Technology Education
工業科技教育學系能源與冷凍空調組	Energy and Refrigeration and Air Conditioning Group, Department of Industrial Science and Technology Education
工業科教系	Department of Industrial Science and Education
工業科教系教訓組(公費)臺南	Department of Industrial Science and Education Learning Group (Publicly Funded) Tainan
工業科教系科	Department of Industrial Science and Education
工業科教系科技教育與訓練組	Science and Technology Education and Training Group, Department of Industrial Science and Education
工業科教系科教訓練組(自費)	Science and Education Training Group of the Department of Industrial Science and Education (at your own expense)
工業科教系能源冷凍空調組	Energy Refrigeration and Air Conditioning Group, Department of Industrial Science and Education
工業科教系能源與冷凍空調組	Energy and Refrigeration and Air Conditioning Group, Department of Industrial Science and Education
工業管理學系	Department of Industrial Management
工業管理學系(乙組)	Department of Industrial Management (Group B)
工業管理學系(人工智慧應用組)	Department of Industrial Management (Artificial Intelligence Application Group)
工業管理學系(半導體產業組)	Department of Industrial Management (Semiconductor Industry Group)
工業管理學系(智能應用組)	Department of Industrial Management (Intelligent Application Group)
工業管理學系(甲組)	Department of Industrial Management (Group A)
工業管理學系乙組	Department of Industrial Management Group B
工業管理學系甲組	Department of Industrial Management Group A
工業管理系	Department of Industrial Management
工業管理系航空精密機械組	Department of Industrial Management, Aviation Precision Machinery Group
工業管理與經營資訊學系	Department of Industrial Management and Business Informatics
工業管理與資訊系	Department of Industrial Management and Information
工業管理與資訊系工業管理組	Industrial Management Group, Department of Industrial Management and Information
工業管理與資訊系電子商務組	Electronic Commerce Group, Department of Industrial Management and Information
工業與系統工程學系	Department of Industrial and Systems Engineering
工業與系統工程學系工程組	Engineering Group, Department of Industrial and Systems Engineering
工業與系統工程學系管理組	Department of Industrial and Systems Engineering Management Group
工業與資訊管理學系	Department of Industrial and Information Management
工業設計學系	Department of Industrial Design
工業設計學系(A組)	Department of Industrial Design (Group A)
工業設計學系(B組)	Department of Industrial Design (Group B)
工業設計學系(社會一組)	Department of Industrial Design (Society Group)
工業設計學系(社會二組)	Department of Industrial Design (Society Group 2)
工業設計學系(社會組)	Department of Industrial Design (Social Section)
工業設計學系(自然一組)	Department of Industrial Design (Natural Group)
工業設計學系(自然二組)	Department of Industrial Design (Natural Group II)
工業設計學系(自然組)	Department of Industrial Design (Natural Group)
工業設計系	Department of Industrial Design
工業設計系家具與室內設計組	Furniture and Interior Design Group, Department of Industrial Design
工業設計系產品設計組	Product Design Group, Department of Industrial Design
工業設計系（第一校區）	Department of Industrial Design (First Campus)
工程學士班	Bachelor of Engineering
工程學院大一不分系學士班	Bachelor's degree classes for freshmen regardless of department in the School of Engineering
工程學院學士班	Bachelor's degree class in the College of Engineering
工程學院英語學士班	Bachelor's Degree in English at the College of Engineering
工程科學及海洋工程學系	Department of Engineering Science and Marine Engineering
工程科學系	Department of Engineering Sciences
工程科學系【外加】	Department of Engineering Science【Additional】
工程科技學士班	Bachelor of Engineering Technology
工程科技菁英班	Engineering Technology Elite Class
工程與系統科學系	Department of Engineering and Systems Science
工程與系統科學系乙組(智慧奈米系統	Group B, Department of Engineering and Systems Science (Smart Nanosystems
工程與系統科學系乙組(智慧奈米系統組)	Department of Engineering and Systems Science Group B (Smart Nanosystems Group)
工程與系統科學系甲組(低碳綠能組)	Department of Engineering and Systems Science Group A (Low Carbon Green Energy Group)
工程與系統系	Department of Engineering and Systems
工程與系統系(低碳綠能組)	Department of Engineering and Systems (Low Carbon Green Energy Group)
工程與系統系(智慧奈米組)	Department of Engineering and Systems (Smart Nano Group)
工藝與創意設計學系	Department of Craftsmanship and Creative Design
工藝設計學系	Department of Industrial Design
工藝設計學系(女)	Department of Industrial Design (Female)
工藝設計學系(男)	Department of Industrial Design (Male)
巨量資料管理學院學位學程	Mass Data Management Institute Degree Program
幼兒保育暨產業系	Department of Child Care and Industry
幼兒保育系	Department of Child Care
幼兒保育系家庭社工組	Family Social Work Section, Department of Child Care
幼兒保育系托育教學組	Early Childhood Care Department Daycare Teaching Team
幼兒保育系（林口校區）	Department of Child Care (Linkou Campus)
幼兒保育與家庭服務系	Department of Child Care and Family Services
幼兒教育學系	Department of Early Childhood Education
幼兒教育學系(師資培育學系)	Department of Early Childhood Education (Department of Teacher Training)
幼兒教育學系(自費)	Department of Early Childhood Education (self-funded)
幼兒教育學系【外加】	Department of Early Childhood Education【Additional】
幼兒教育系(公費)花蓮限原民	Department of Early Childhood Education (Publicly Funded) Hualien Limited to Aboriginal People
幼兒與家庭教育學系	Department of Early Childhood and Family Education
幼兒與家庭教育學系【外加】	Department of Early Childhood and Family Education [Additional]
幼兒與家庭科學學系	Department of Early Childhood and Family Sciences
幼兒與家庭科學學系家庭生活與教育組	Family Life and Education Section, Department of Early Childhood and Family Sciences
幼兒與家庭科學學系幼兒發展與教育組	Early Childhood Development and Education Section, Department of Early Childhood and Family Sciences
康寧大學	corning university
廚藝學系	Department of Culinary Arts
廚藝學系中西廚藝組	Department of Culinary Arts Chinese and Western Culinary Arts Group
廚藝學系乙組	Department of Culinary Arts Group B
廚藝學系烘焙廚藝組	Department of Culinary Arts Baking and Cooking Arts Group
廚藝學系甲組	Department of Culinary Arts Group A
廚藝暨美食學學系	Department of Culinary Arts and Gastronomy
廣告傳播學系	Department of Advertising and Communication
廣告學系	Department of Advertising
廣告學系A組	Advertising Department Group A
廣告學系B組	Advertising Department Group B
廣告暨策略行銷學系	Department of Advertising and Strategic Marketing
廣告暨策略行銷學系(台北)	Department of Advertising and Strategic Marketing (Taipei)
廣告暨策略行銷學系(台北校區)	Department of Advertising and Strategic Marketing (Taipei Campus)
廣告暨策略行銷學系（臺北）	Department of Advertising and Strategic Marketing (Taipei)
廣播電視學系	Department of Radio and Television
廣播電視學系(台北校區)	Department of Radio and Television (Taipei Campus)
廣播電視學系（臺北）	Department of Radio and Television (Taipei)
廣播電視學系（臺北）【外加】	Department of Radio and Television (Taipei) [Additional]
廣播電視電影學系	Department of Radio, Television and Film
廣播電視電影學系廣播組	Broadcasting Section, Department of Radio, Television and Film
廣播電視電影學系廣播與聲音設計組	Broadcasting and Sound Design Group, Department of Radio, Television and Film
廣播電視電影學系電影組	Film Group, Department of Radio, Television and Film
廣播電視電影學系電視組	Television Group, Department of Radio, Television and Film
廣播電視電影學系電視組【外加】	Television Section, Department of Radio, Television and Film [Additional]
建國科技大學	Jianguo University of Science and Technology
建築及都市設計學系	Department of Architecture and Urban Design
建築及都市設計學系建築及室內設計組	Architecture and Interior Design Group, Department of Architecture and Urban Design
建築及都市設計學系建築及都市設計組	Architecture and Urban Design Section, Department of Architecture and Urban Design
建築學系	Department of Architecture
建築學系(A組)	Department of Architecture (Group A)
建築學系(B組)	Department of Architecture (Group B)
建築學系(桃園校區)	Department of Architecture (Taoyuan Campus)
建築學系社會組	Social Section of the Department of Architecture
建築學系自然組	Department of Architecture Natural Group
建築學系（桃園）	Department of Architecture (Taoyuan)
建築專業學院學士班	Bachelor's degree at the School of Architecture
建築環境設計學士學位學程	Bachelor's Degree in Architectural Environmental Design
建築環境設計學士學位學程(社會組)	Bachelor's Degree in Architectural Environmental Design (Society Stream)
建築環境設計學士學位學程(自然組)	Bachelor's Degree in Architectural Environmental Design (Natural Stream)
建築科	Architecture Department
建築系	Department of Architecture
建築系室內設計組	Department of Architecture Interior Design Group
建築系室內設計組（台北校區）	Interior Design Group, Department of Architecture (Taipei Campus)
建築系建築組	Department of Architecture Architecture Group
建築系建築設計組	Department of Architecture Architectural Design Group
建築系（台北校區）	Department of Architecture (Taipei Campus)
建築系（臺北校區）	Department of Architecture (Taipei Campus)
建築職人學士學位學程	Bachelor's Degree in Architecture
建築職人學士學位學程(臺北校區)	Bachelor's Degree in Architecture (Taipei Campus)
建築與室內設計系	Department of Architecture and Interior Design
建築與室內設計系室內組	Department of Architecture and Interior Design Interior Group
建築與室內設計系室內設計組	Interior Design Group, Department of Architecture and Interior Design
建築與室內設計系建築組	Architecture Group, Department of Architecture and Interior Design
建築與室內設計系建築設計組	Architectural Design Group, Department of Architecture and Interior Design
建築與景觀學系	Department of Architecture and Landscape
建築與景觀學系社會組	Social Section, Department of Architecture and Landscape Studies
建築與景觀學系自然組	Department of Architecture and Landscape Nature Group
建築與都市計畫學系	Department of Architecture and Urban Planning
建築與都市計畫學系(第一類組)	Department of Architecture and Urban Planning (Group 1)
建築與都市計畫學系(第二類組)	Department of Architecture and Urban Planning (Group II)
建築與都市計畫系(第一類組)	Department of Architecture and Urban Planning (Group 1)
建築與都市計畫系(第二類組)	Department of Architecture and Urban Planning (Group II)
建築與都計學系	Department of Architecture and Urban Planning
建築與都計學系(建築科技組)	Department of Architecture and Urban Planning (Building Technology Group)
建築與都計學系(建築設計組)	Department of Architecture and Urban Planning (Architectural Design Group)
建築與都計學系(都市計畫組)	Department of Architecture and Urban Planning (Urban Planning Section)
建築設計學系	Department of Architectural Design
建築設計學系(臺北校區)	Department of Architectural Design (Taipei Campus)
弘光科技大學	Hongguang University of Science and Technology
影像傳播學系	Department of Imaging and Communication
影視傳播系	Department of Film and Television Communication
影視藝術系	Department of Film and Television Arts
影視藝術系影視表演組	Film and Television Performance Group, Department of Film and Television Arts
影視設計系	Department of Film and Television Design
影視設計系（台北校區）	Department of Film and Television Design (Taipei Campus)
影視設計系（新竹校區）	Department of Film and Television Design (Hsinchu Campus)
影視設計系（臺北校區）	Department of Film and Television Design (Taipei Campus)
影音新聞暨社群傳播學系	Department of Audiovisual Journalism and Social Communication
影音新聞暨社群傳播學系(台北校區)	Department of Audiovisual Journalism and Social Communication (Taipei Campus)
微商營運學士學位學程	Bachelor's Degree in Micro Business Operations
微生物免疫與生物藥學系	Department of Microbiology, Immunology and Biopharmaceuticals
微生物學系	Department of Microbiology
微生物學系應用微生物組	Department of Microbiology Applied Microbiome
微生物學系生物科	Department of Microbiology, Division of Biology
微生物學系生物科技組	Biotechnology Group, Department of Microbiology
微電子工程系	Department of Microelectronics Engineering
微電子工程系（楠梓校區）	Department of Microelectronics Engineering (Nanzi Campus)
德國文化學系	Department of German Culture
德國文化學系A組	German Culture Department Group A
德國文化學系B組	German Culture Department Group B
德國語文學系	Department of German Philology
德國語文系	Department of German Language and Literature
德明財經科技大學	Deming University of Finance and Economics
德育護理健康學院	Moral Education Nursing and Health College
德語語文學系	Department of German Philology
心理學系	Department of Psychology
心理學系(工商與社會心理組)	Department of Psychology (Business and Social Psychology Section)
心理學系(心理師研修組)	Department of Psychology (Psychologist Training Group)
心理學系(自然組)	Department of Psychology (Natural Group)
心理學系(諮商與臨床心理組)	Department of Psychology (Counseling and Clinical Psychology Section)
心理學系【外加】	Department of Psychology【Additional】
心理學系工商與社會心理組	Department of Psychology, Business and Social Psychology Section
心理學系心理師研修組	Psychologist training group of the Department of Psychology
心理學系諮商與臨床心理組	Department of Psychology Counseling and Clinical Psychology Section
心理與諮商學系	Department of Psychology and Counseling
心理與諮商學系【外加】	Department of Psychology and Counseling【Additional】
心理輔導學系	Department of Counseling Psychology
慈濟大學	Tzu Chi University
慈濟學校財團法人慈濟科技大學	Tzu Chi University of Science and Technology
慈濟科技大學	Tzu Chi University of Science and Technology
應用中國文學系	Department of Applied Chinese Literature
應用中國文學系(桃園校區)	Department of Applied Chinese Literature (Taoyuan Campus)
應用中國文學系文創組(桃園)	Cultural and Creative Group, Department of Applied Chinese Literature (Taoyuan)
應用中國文學系文創組(桃園校區)	Cultural and Creative Group, Department of Applied Chinese Literature (Taoyuan Campus)
應用中國文學系文創組（桃園）	Cultural and Creative Group, Department of Applied Chinese Literature (Taoyuan)
應用中國文學系文教組(桃園)	Department of Applied Chinese Literature (Taoyuan)
應用中國文學系文教組(桃園校區)	Department of Applied Chinese Literature (Taoyuan Campus)
應用中國文學系文教組（桃園）	Department of Applied Chinese Literature (Taoyuan)
應用中國文學系文教組（桃園）【外加】	Department of Applied Chinese Literature, Department of Culture and Education (Taoyuan) [Additional]
應用中國文學系語文傳播組(桃園校區)	Language Communication Group, Department of Applied Chinese Literature (Taoyuan Campus)
應用中國文學系語文創作組(桃園校區)	Chinese Writing Group, Department of Applied Chinese Literature (Taoyuan Campus)
應用中文學系	Department of Applied Chinese Literature
應用中文學系劇本創作組(高雄校區)	Script Writing Group, Department of Applied Chinese Literature (Kaohsiung Campus)
應用中文學系文創設計組(高雄校區)	Cultural and Creative Design Group, Department of Applied Chinese Literature (Kaohsiung Campus)
應用中文學系文化傳播組(高雄校區)	Cultural Communication Group, Department of Applied Chinese Studies (Kaohsiung Campus)
應用中文系	Department of Applied Chinese
應用中文系劇本創作組(高雄)	Department of Applied Chinese Script Writing Group (Kaohsiung)
應用中文系文創設計組(高雄)	Cultural and Creative Design Group, Department of Applied Chinese (Kaohsiung)
應用中文系文化傳播組(高雄)	Cultural Communication Group, Department of Applied Chinese (Kaohsiung)
應用中文與華語文教學系	Department of Applied Chinese and Chinese Language Teaching
應用中文與華語文教學系文教傳播組(桃	Cultural and Educational Communication Group, Department of Applied Chinese and Chinese Language Teaching (Tao
應用中文與華語文教學系語文創作組(桃	Chinese Writing Group, Department of Applied Chinese and Chinese Language Teaching (Tao
應用化學及材料科學系	Department of Applied Chemistry and Materials Science
應用化學系	Department of Applied Chemistry
應用哲學系	Department of Applied Philosophy
應用哲學系(公共參與組)	Department of Applied Philosophy (Public Engagement Group)
應用哲學系(社會關懷組)	Department of Applied Philosophy (Social Care Section)
應用哲學系社會關懷組	Social Care Section, Department of Applied Philosophy
應用外國語文學系	Department of Applied Foreign Languages and Literatures
應用外國語言學系	Department of Applied Foreign Linguistics
應用外語學系	Department of Applied Foreign Languages
應用外語學系(社會組一)	Department of Applied Foreign Languages (Social Group 1)
應用外語學系(臺北校區)	Department of Applied Foreign Languages (Taipei Campus)
應用外語學系數位應用組(臺北校區)	Department of Applied Foreign Languages Graduate Application Group (Taipei Campus)
應用外語暨智慧商務學士學位學程	Bachelor's Degree in Applied Foreign Languages and Smart Business
應用外語系	Department of Applied Foreign Languages
應用外語系應用日文組	Department of Applied Foreign Languages Applied Japanese Group
應用外語系應用日語組	Department of Applied Foreign Languages Applied Japanese Group
應用外語系應用英文組	Applied English Group, Department of Applied Foreign Languages
應用外語系應用英語組	Applied English Group, Department of Applied Foreign Languages
應用外語系日文組	Department of Applied Foreign Languages Japanese Section
應用外語系日韓語組	Department of Applied Foreign Languages Japanese and Korean Group
應用外語系英文組	English Section, Department of Applied Foreign Languages
應用外語系英語組	Department of Applied Foreign Languages English Group
應用外語系（燕巢校區）	Department of Applied Foreign Languages (Yanchao Campus)
應用外語系（臺北校區）	Department of Applied Foreign Languages (Taipei Campus)
應用德語系	Department of Applied German
應用德語系（第一校區）	Department of Applied German (First Campus)
應用心理學系	Department of Applied Psychology
應用數位媒體系	Department of Applied Digital Media
應用數位媒體系視覺傳達設計組	Visual Communication Design Group, Department of Applied Digital Media
應用數學系	Department of Applied Mathematics
應用數學系(A組)	Department of Applied Mathematics (Group A)
應用數學系(B組)	Department of Applied Mathematics (Group B)
應用數學系A組	Department of Applied Mathematics Group A
應用數學系B組	Department of Applied Mathematics Group B
應用數學系應用數學組	Department of Applied Mathematics Applied Mathematics Group
應用數學系數學科	Applied Mathematics Coefficients Subject
應用數學系數學科學組	Department of Applied Mathematics Mathematical Sciences Group
應用數學系數據科	Data Section, Department of Applied Mathematics
應用數學系數據科學與計算組	Data Science and Computing Group, Department of Applied Mathematics
應用數學系統計科	Applied Mathematics and Systems Accounting
應用數學系統計科學組	Applied Mathematics System Accounting Group
應用數學系統計科學組(社會組)	Applied Mathematics and Systems Engineering Group (Social Group)
應用數學系統計科學組(自然組)	Applied Mathematics System Accounting Group (Natural Group)
應用數學系統計組(社會組)	Applied Mathematics Systems Engineering Group (Social Group)
應用數學系統計組(自然組)	Applied Mathematics System Planning Group (Natural Group)
應用數學系英語組	English Section, Department of Applied Mathematics
應用數學與數據科學學系	Department of Applied Mathematics and Data Science
應用日文學系	Department of Applied Japanese Literature
應用日文學系(高雄校區)	Department of Applied Japanese Literature (Kaohsiung Campus)
應用日語學系	Department of Applied Japanese Studies
應用日語學系(AI商務應用組)	Department of Applied Japanese Studies (AI Business Application Group)
應用日語學系(商務組)	Department of Applied Japanese Studies (Business Section)
應用日語學系(商務觀光組)	Department of Applied Japanese Studies (Business Tourism Section)
應用日語學系(桃園校區)	Department of Applied Japanese Studies (Taoyuan Campus)
應用日語學系(觀光旅遊組)	Department of Applied Japanese Studies (Tourism and Tourism Section)
應用日語學系(觀光組)	Department of Applied Japanese Studies (Tourism Section)
應用日語學系(語文組)	Department of Applied Japanese Studies (Language Section)
應用日語學系(語文翻譯組)	Department of Applied Japanese Studies (Language Translation Group)
應用日語學系觀光經貿組	Department of Applied Japanese Studies, Tourism Economics and Trade Section
應用日語學系語文翻譯組	Language Translation Group, Department of Applied Japanese Studies
應用日語學系（桃園）	Department of Applied Japanese Studies (Taoyuan)
應用日語系	Department of Applied Japanese
應用日語系（第一校區）	Department of Applied Japanese (First Campus)
應用材料及光電工程學系	Department of Applied Materials and Optoelectronic Engineering
應用材料科技系	Department of Applied Materials Technology
應用歷史學系	Department of Applied History
應用物理學系	Department of Applied Physics
應用物理學系(A組)	Department of Applied Physics (Group A)
應用物理學系(B組)	Department of Applied Physics (Group B)
應用物理暨化學系	Department of Applied Physics and Chemistry
應用物理暨化學系應用化學組	Applied Chemistry Section, Department of Applied Physics and Chemistry
應用物理暨化學系電子物理組	Electronic Physics Group, Department of Applied Physics and Chemistry
應用物理系	Department of Applied Physics
應用物理系光電暨材料組	Department of Applied Physics Optoelectronics and Materials Group
應用物理系半導體組	Department of Applied Physics Semiconductor Group
應用物理系物理組	Department of Applied Physics Physics Group
應用社會學系	Department of Applied Sociology
應用社會學系社會學組	Sociology Section, Department of Applied Sociology
應用社會學系社會工作組	Social Working Group, Department of Applied Sociology
應用科學系	Department of Applied Sciences
應用科學系化學及奈米科	Department of Applied Science Chemistry and Nanotechnology
應用科學系化學及奈米科學組	Chemistry and Nanoscience Group, Department of Applied Science
應用科學系應用物理組	Applied Physics Group, Department of Applied Science
應用空間資訊系	Department of Applied Space Information
應用空間資訊系空間測繪應用組	Department of Applied Spatial Information Spatial Surveying and Mapping Application Group
應用空間資訊系空間視傳應用組	Department of Applied Space Information Space Video Transmission Application Group
應用統計系	Department of Applied Statistics
應用統計與資料科學學系	Department of Applied Statistics and Data Science
應用統計與資料科學學系大數據管理組	Big Data Management Group, Department of Applied Statistics and Data Science
應用統計與資料科學學系大數據管理組（桃園）	Big Data Management Group, Department of Applied Statistics and Data Science (Taoyuan)
應用統計與資料科學學系應用統計組(桃	Applied Statistics Group, Department of Applied Statistics and Data Science (Tao
應用統計與資料科學學系應用統計組（桃園）	Applied Statistics Group, Department of Applied Statistics and Data Science (Taoyuan)
應用經濟學系	Department of Applied Economics
應用經濟學系(國際商務組)	Department of Applied Economics (International Business Group)
應用經濟學系(財務金融組)	Department of Applied Economics (Finance Group)
應用經濟與管理學系	Department of Applied Economics and Management
應用經濟與管理學系【外加】	Department of Applied Economics and Management【Additional】
應用美術學系	Department of Applied Arts
應用英文系	Department of Applied English
應用英語學系	Department of Applied English
應用英語學系(桃園校區)	Department of Applied English (Taoyuan Campus)
應用英語學系(高雄校區)	Department of Applied English (Kaohsiung Campus)
應用英語學系國際商務組(高雄校區)	International Business Section, Department of Applied English (Kaohsiung Campus)
應用英語學系英日雙語組(高雄校區)	English-Japanese Bilingual Group, Department of Applied English (Kaohsiung Campus)
應用英語學系英語商務組(桃園校區)	English Business Section, Department of Applied English (Taoyuan Campus)
應用英語學系英語商務與口筆譯組(桃園	English Business and Interpretation and Translation Group, Department of Applied English (Taoyuan
應用英語學系英語商務與觀光組(桃園校	English Business and Tourism Section, Department of Applied English (Taoyuan Campus
應用英語學系英語商務與觀光組（桃園）	English Business and Tourism Section, Department of Applied English (Taoyuan)
應用英語學系英語教學與文化溝通組(桃	English Teaching and Cultural Communication Group, Department of Applied English (Tao
應用英語學系英語教學與文化溝通組（桃園）	English Teaching and Cultural Communication Group, Department of Applied English (Taoyuan)
應用英語學系英語教學與雙語教育組(桃	English Teaching and Bilingual Education Group, Department of Applied English (Tao
應用英語系	Department of Applied English
應用英語系國際旅遊組	Department of Applied English International Tourism Group
應用英語系教學與文化溝通組	Teaching and Cultural Communication Group, Department of Applied English
應用英語系英語商務與觀光組	Department of Applied English English Business and Tourism Section
應用英語系（台北校區）	Department of Applied English (Taipei Campus)
應用英語系（第一校區）	Department of Applied English (First Campus)
應用英語系（臺北校區）	Department of Applied English (Taipei Campus)
應用華語文學系	Department of Applied Chinese Literature
應用華語文學系【外加】	Department of Applied Chinese Literature【Additional】
應用華語文系	Department of Applied Chinese Language and Literature
應用音樂學系	Department of Applied Music
應統與資料科學系	Department of Systems and Data Science
應統與資料科學系大數據組	Big Data Group, Department of Systems and Data Science
應統與資料科學系應用統計組	Applied Statistics Group, Department of Systems and Data Science
成人及繼續教育學系	Department of Adult and Continuing Education
戲劇創作與應用學系	Department of Drama Creation and Applied Studies
戲劇創作與應用學系(女)	Department of Drama Creation and Applied Studies (Female)
戲劇創作與應用學系(男)	Department of Drama Creation and Applied Studies (Male)
戲劇創作與應用學系【外加】	Department of Drama Creation and Applied Studies [Additional]
戲劇學系	Department of Drama
戲劇學系(女)	Department of Drama (Female)
戲劇學系(男)	Department of Drama (Male)
戲劇系	Department of Drama
房地產開發與管理系	Department of Real Estate Development and Management
攝影學士學位學程	Bachelor's Degree in Photography
政治學系	Department of Political Science
政治學系【外加】	Department of Political Science【Additional】
政治學系公共行政組	Public Administration Section, Department of Political Science
政治學系國際關係組	International Relations Section, Department of Political Science
政治學系政治理論組	Political Theory Group, Department of Political Science
政治法律學系	Department of Political Science and Law
政治經濟學系	Department of Political Economics
敏實科技大學	Minshi University of Technology
教育學系	Department of Education
教育學系(公費)-臺東縣	Department of Education (Publicly Funded)-Taitung County
教育學系(公費)-高雄市	Department of Education (publicly funded)-Kaohsiung City
教育學系(自費)	Department of Education (self-funded)
教育學系【外加】	Department of Education【Additional】
教育學習科技系	Department of Educational Learning Technology
教育學習科技系(公費)-臺中	Department of Educational Learning Technology (Publicly Funded)-Taichung
教育學院學士班	Bachelor's Degree, Faculty of Education
教育學院學士班【外加】	Bachelor's Degree, School of Education [Additional]
教育學院學士班教育心理與輔導組	Educational Psychology and Counseling Group, Bachelor's Degree, School of Education
教育學院學士班教育科	Department of Education, Bachelor's Degree, Faculty of Education
教育學院學士班教育科技與數位學習組	Educational Technology and Digital Learning Group, Bachelor’s Program, Faculty of Education
教育心理與諮商學系	Department of Educational Psychology and Counseling
教育心理與諮商學系乙組	Group B, Department of Educational Psychology and Counseling
教育心理與諮商學系甲組	Group A, Department of Educational Psychology and Counseling
教育心理與輔導學系	Department of Educational Psychology and Counseling
教育心理與輔導學系【外加】	Department of Educational Psychology and Counseling [Additional]
教育政策與行政學系	Department of Educational Policy and Administration
教育科技學系	Department of Educational Science and Technology
教育科技學系【外加】	Department of Educational Science and Technology【Additional】
教育經營與管理學系	Department of Educational Business and Management
教育與學習科技學系	Department of Education and Learning Technology
教育與學習科技學系(自費)	Department of Education and Learning Technology (self-funded)
教育與未來設計學系	Department of Education and Future Design
教育與潛能開發學系	Department of Education and Potential Development
教育與潛能開發學系(自費)	Department of Education and Potential Development (self-funded)
教育行政與管理學系	Department of Educational Administration and Management
教育領導與科技發展學位學程	Educational Leadership and Technology Development Degree Program
教育領導與科技發展學士學位學程	Bachelor's Degree in Educational Leadership and Technology Development
數位內容應用與管理系	Department of Digital Content Application and Management
數位內容科技學系	Department of Digital Content Technology
數位多媒體系	Department of Digital Multimedia
數位多媒體設計學系	Department of Digital Multimedia Design
數位多媒體設計學系動畫設計組	Animation Design Group, Department of Digital Multimedia Design
數位多媒體設計學系遊戲設計組	Game Design Group, Department of Digital Multimedia Design
數位多媒體設計系	Department of Digital Multimedia Design
數位多媒體設計系互動媒體組	Interactive Media Group, Department of Digital Multimedia Design
數位多媒體設計系動畫設計組	Animation Design Group, Department of Digital Multimedia Design
數位多媒體設計系數位動畫組	Digital Multimedia Design Coefficients Animation Group
數位多媒體設計系遊戲設計組	Game Design Group, Department of Digital Multimedia Design
數位多媒體設計系（台北校區）	Department of Digital Multimedia Design (Taipei Campus)
數位多媒體設計系（新竹校區）	Department of Digital Multimedia Design (Hsinchu Campus)
數位多媒體設計系（桃園校區）	Department of Digital Multimedia Design (Taoyuan Campus)
數位多媒體設計系（臺北校區）	Department of Digital Multimedia Design (Taipei Campus)
數位媒體與文教產業學系	Department of Digital Media and Cultural and Educational Industries
數位媒體與產品設計系	Department of Digital Media and Product Design
數位媒體設計學系	Department of Digital Media Design
數位媒體設計學系(動漫遊戲組)	Department of Digital Media Design (Animation and Game Group)
數位媒體設計學系(數位動畫設計組)	Department of Digital Media Design (Digital Animation Design Group)
數位媒體設計學系(數位遊戲設計組)	Department of Digital Media Design (Digital Game Design Group)
數位媒體設計學系(視覺傳達組)	Department of Digital Media Design (Visual Communication Group)
數位媒體設計學系互動媒體組(桃園校	Interactive Media Group, Department of Digital Media Design (Taoyuan Campus
數位媒體設計學系互動媒體設計組(社會	Department of Digital Media Design, Interactive Media Design Group (Social
數位媒體設計學系互動媒體設計組(自然	Interactive Media Design Group, Department of Digital Media Design (Natural
數位媒體設計學系互動設計組	Interaction Design Group, Department of Digital Media Design
數位媒體設計學系動畫影視組	Animation Film and Television Group, Department of Digital Media Design
數位媒體設計學系動畫影視組(桃園校	Animation Film and Television Group, Department of Digital Media Design (Taoyuan Campus
數位媒體設計學系動畫文創組(桃園校	Animation and Creative Group, Department of Digital Media Design (Taoyuan Campus
數位媒體設計學系多媒體遊戲組(桃園校	Multimedia Game Group, Department of Digital Media Design (Taoyuan Campus
數位媒體設計學系影視創意組(桃園校	Film and Television Creative Group, Department of Digital Media Design (Taoyuan Campus
數位媒體設計學系數位動畫設計組	Department of Digital Media Design Digital Animation Design Group
數位媒體設計學系數位媒體設計組	Department of Digital Media Design Digital Media Design Group
數位媒體設計學系數位遊戲設計組	Department of Digital Media Design Digital Game Design Group
數位媒體設計學系數位遊戲設計組(社會	Department of Digital Media Design Digital Game Design Group (Social
數位媒體設計學系數位遊戲設計組(自然	Department of Digital Media Design Digital Game Design Group (Natural
數位媒體設計學系遊戲互動與AI應用組	Game Interaction and AI Application Group, Department of Digital Media Design
數位媒體設計學系（桃園）	Department of Digital Media Design (Taoyuan)
數位媒體設計學系（桃園）【外加】	Department of Digital Media Design (Taoyuan) [Additional]
數位媒體設計系	Department of Digital Media Design
數位媒體設計系(數位動畫組)	Department of Digital Media Design (Digital Animation Group)
數位媒體設計系(數位遊戲組)	Department of Digital Media Design (Digital Games Group)
數位媒體設計系多媒體遊戲組	Multimedia Game Group, Department of Digital Media Design
數位學習科技學系	Department of Digital Learning Technology
數位學習科技學系(數位學習內容組)	Department of Digital Learning Technology (Digital Learning Content Group)
數位學習科技學系(數位學習系統組)	Department of Digital Learning Technology (Digital Learning Systems Group)
數位學習科技學系(社會組)	Department of Digital Learning Technology (Society Section)
數位學習科技學系(自然組)	Department of Digital Learning Technology (Natural Group)
數位學習科技學系【外加】	Department of Digital Learning Technology【Additional】
數位學習設計管理系	Department of Digital Learning Design Management
數位學習設計管理系(社會組)	Department of Digital Learning Design Management (Social Group)
數位學習設計管理系(自然組)	Department of Digital Learning Design Management (Natural Group)
數位學習設計與管理學系	Department of Digital Learning Design and Management
數位學習設計與管理學系(媒體互動設計	Department of Digital Learning Design and Management (Media Interaction Design
數位學習設計與管理學系(社會組)	Department of Digital Learning Design and Management (Social Group)
數位學習設計與管理學系(自然組)	Department of Digital Learning Design and Management (Natural Group)
數位學習設計與管理學系(資訊科技與管	Department of Digital Learning Design and Management (Information Technology and Management
數位學習設計與管理學系【外加】	Department of Digital Learning Design and Management [Additional]
數位旅遊管理系	Department of Digital Tourism Management
數位科技與媒體設計系	Department of Digital Technology and Media Design
數位科技設計學系	Department of Digital Technology Design
數位科技設計學系(創意設計組)	Department of Digital Technology Design (Creative Design Group)
數位科技設計學系(資訊應用組)	Department of Digital Technology Design (Information Application Group)
數位科技設計學系創意設計組	Creative Design Group, Department of Digital Technology Design
數位科技設計學系資訊應用組	Information Application Group, Department of Digital Technology and Design
數位經營管理系	Department of Digital Business Management
數位行銷暨跨境商務系	Department of Digital Marketing and Cross-Border Business
數位行銷管理系	Department of Digital Marketing Management
數位行銷設計學士學位學程	Bachelor's Degree in Digital Marketing Design
數位設計學系	Department of Digital Design
數位設計系	Department of Digital Design
數位設計與資訊管理系	Department of Digital Design and Information Management
數位遊戲設計系	Department of Digital Game Design
數位金融科技學系	Department of Digital Financial Technology
數位金融科技學系(乙組)	Department of Digital Financial Technology (Group B)
數位金融科技學系(甲組)	Department of Digital Financial Technology (Group A)
數學學系	Department of Mathematics
數學學系數學組	Department of Mathematics Mathematics Group
數學學系資料科	Information Section, Department of Mathematics
數學學系資料科學與數理統計組	Data Science and Mathematical Statistics Group, Department of Mathematics
數學教育學系	Department of Mathematics Education
數學教育學系(公費)-臺南市	Department of Mathematics Education (Publicly Funded)-Tainan City
數學教育學系(自費)	Department of Mathematics Education (self-funded)
數學暨資訊教育學系	Department of Mathematics and Information Education
數學暨資訊教育學系人工智慧與資訊教	Artificial Intelligence and Information Education, Department of Mathematics and Information Education
數學暨資訊教育學系人工智慧與資訊教育組	Artificial Intelligence and Information Education Section, Department of Mathematics and Information Education
數學暨資訊教育學系數學組	Mathematics Section, Department of Mathematics and Information Education
數學暨資訊教育學系數學組【外加】	Department of Mathematics and Information Education Mathematics Section [Additional]
數學暨資訊教育系	Department of Mathematics and Information Education
數學暨資訊教育系數學組(女)	Department of Mathematics and Information Education Mathematics Section (Female)
數學暨資訊教育系數學組(男)	Department of Mathematics and Information Education Mathematics Section (Male)
數學暨資訊教育系資訊組(女)	Information Section, Department of Mathematics and Information Education (Female)
數學暨資訊教育系資訊組(男)	Information Section, Department of Mathematics and Information Education (Male)
數學系	Department of Mathematics
數學系乙組(應用數學組)	Department of Mathematics Group B (Applied Mathematics Group)
數學系應用數學組	Department of Mathematics Applied Mathematics Group
數學系數學科	Mathematics coefficient subject
數學系數學科學組	Department of Mathematics Mathematical Sciences Group
數學系數學組	Mathematics Department Mathematics Group
數學系甲組(數學組)	Mathematics Department Group A (Mathematics Group)
數學系計算與資料科	Department of Mathematics, Computing and Data Science
數學系計算與資料科學組	Computing and Data Science Group, Department of Mathematics
數學系資料科	Department of Mathematics Information Section
數學系資料科學與數理統計組	Department of Mathematics, Data Science and Mathematical Statistics Group
數學系資訊數學組	Information Mathematics Group, Department of Mathematics
文創與數位多媒體系	Department of Cultural Creativity and Digital Multimedia
文創與數位多媒體系（台北校區）	Department of Cultural, Creative and Digital Multimedia (Taipei Campus)
文化事業發展系	Department of Cultural Development
文化創意事業管理學系	Department of Cultural and Creative Industry Management
文化創意事業系	Department of Cultural and Creative Industries
文化創意產業學系	Department of Cultural and Creative Industries
文化創意產業系	Department of Cultural and Creative Industries
文化創意產業系（燕巢校區）	Department of Cultural and Creative Industries (Yanchao Campus)
文化創意產業經營學系	Department of Cultural and Creative Industries Management
文化創意產業設計與營運學系	Department of Cultural and Creative Industry Design and Operations
文化創意系	Department of Culture and Creativity
文化創意與數位媒體設計系	Department of Cultural Creativity and Digital Media Design
文化創意與數位行銷學系	Department of Cultural Creativity and Digital Marketing
文化創意與設計系	Department of Culture, Creativity and Design
文化與自然資源學系	Department of Culture and Natural Resources
文化觀光產業學系	Department of Culture and Tourism Industry
文化設計與行銷系	Department of Cultural Design and Marketing
文化資源與休閒產業學系	Department of Cultural Resources and Leisure Industry
文化資產創意系	Department of Cultural Assets and Creativity
文化資產創意系(文化創意組)	Department of Cultural Assets and Creativity (Cultural Creativity Section)
文化資產創意系(文化觀光組)	Department of Cultural Assets and Creativity (Cultural Tourism Section)
文化資產維護系	Department of Cultural Assets Maintenance
文化資產與創意學系	Department of Cultural Assets and Creative Studies
文化資產與創意學系(文化觀光組)	Department of Cultural Assets and Creative Studies (Culture and Tourism Section)
文化資產與創意學系(文化資產創意應用	Department of Cultural Assets and Creativity (Creative Application of Cultural Assets
文化資產與創意學系(文化資產創意應用組)	Department of Cultural Assets and Creativity (Creative Application Group of Cultural Assets)
文學系	Department of Literature
文學院學士班	Bachelor of Arts
文藻外語大學	Wenzao University of Foreign Languages
斯拉夫語文學系	Department of Slavic Philology
新媒體傳播系	Department of New Media Communication
新媒體暨傳播管理學系	Department of New Media and Communication Management
新媒體暨傳播管理學系(台北)	Department of New Media and Communication Management (Taipei)
新媒體暨傳播管理學系(台北校區)	Department of New Media and Communication Management (Taipei Campus)
新媒體暨傳播管理學系（臺北）	Department of New Media and Communication Management (Taipei)
新媒體設計學系	Department of New Media Design
新聞傳播學系	Department of Journalism and Communication
新聞學系	Department of Journalism
新聞學系(台北校區)	Department of Journalism (Taipei Campus)
新聞學系（臺北）	Department of Journalism (Taipei)
新聞與大眾傳播學士學位學程	Bachelor's Degree in Journalism and Mass Communication
新聞與大眾傳播學士學位學程(全英語授	Bachelor's degree program in Journalism and Mass Communication (taught entirely in English
新聞與大眾傳播學士學位學程（全英語授課．臺北）	Bachelor's Degree Program in Journalism and Mass Communication (Taught entirely in English. Taipei)
旅遊事業管理系	Department of Tourism Management
旅遊事業管理系旅遊經營組	Tourism Business Group, Department of Tourism Management
旅遊文化系	Department of Tourism and Culture
旅遊管理學系	Department of Tourism Management
旅遊管理學系AI智慧觀光暨餐旅組	Department of Tourism Management AI Smart Tourism and Catering Group
旅遊管理系	Department of Tourism Management
旅遊管理系休閒遊憩管理組	Leisure and Recreation Management Group, Department of Tourism Management
旅遊管理系旅行業經營管理組	Department of Tourism Management Tourism Industry Operations and Management Group
旅遊管理系航空暨運輸服務管理組	Aviation and Transportation Services Management Group, Department of Tourism Management
旅遊管理系（淡水校本部）	Department of Tourism Management (Tsui Campus)
旅遊與休閒娛樂管理系	Department of Tourism and Leisure Management
旅遊與休閒學系	Department of Tourism and Leisure Studies
旅運管理系	Department of Tourism Management
旅運管理系旅遊觀光實務組	Tourism Practice Group, Department of Tourism Management
旅運管理系航空服務管理組	Aviation Service Management Group, Department of Travel Management
旅館事業管理學士學位學程	Bachelor's Degree in Hotel Business Management
旅館管理系	Department of Hotel Management
旅館管理與廚藝創意系	Department of Hotel Management and Culinary Arts Creativity
旅館與會展管理系	Department of Hotel and Exhibition Management
族群關係與文化學系	Department of Ethnic Relations and Culture
日本語文學系	Department of Japanese Language and Literature
日本語文學系【外加】	Department of Japanese Language and Literature【Additional】
日本語文系	Department of Japanese Language and Literature
日本語言文化學系	Department of Japanese Language and Culture
昆蟲學系	Department of Entomology
明志科技大學	Ming Chi University of Science and Technology
明新科技大學	Mingxin University of Science and Technology
明道大學	Mingdao University
時尚創意設計與管理系	Department of Fashion Creative Design and Management
時尚展演事業學士學位學程	Bachelor's Degree in Fashion Showcase
時尚展演事業系	Department of Fashion Exhibition and Performance Business
時尚生活創意設計系	Department of Fashion, Lifestyle and Creative Design
時尚產業經營管理系	Department of Fashion Industry Management
時尚經營管理系	Department of Fashion Management
時尚經營系	Department of Fashion Management
時尚美容應用系	Department of Fashion and Beauty Applications
時尚美容藝術管理學系	Department of Fashion, Beauty and Art Management
時尚與創新管理學士學位學程	Bachelor's degree in Fashion and Innovation Management
時尚與創新管理學士學位學程(全英語授	Bachelor's degree in Fashion and Innovation Management (taught entirely in English)
時尚與創新管理學士學位學程（全英語授課．臺北）	Bachelor's Degree in Fashion and Innovation Management (Taught entirely in English. Taipei)
時尚設計學系	Department of Fashion Design
時尚設計學系(時尚服裝設計組)	Department of Fashion Design (Fashion Apparel Design Group)
時尚設計學系(服飾創意設計組)	Department of Fashion Design (Apparel Creative Design Group)
時尚設計學系(高雄校區)	Department of Fashion Design (Kaohsiung Campus)
時尚設計學系應用藝術組(高雄校區)	Applied Arts Group, Department of Fashion Design (Kaohsiung Campus)
時尚設計學系表演藝術組(高雄校區)	Performing Arts Section, Department of Fashion Design (Kaohsiung Campus)
時尚設計系	Department of Fashion Design
時尚設計系(時尚服裝設計組)	Department of Fashion Design (Fashion Apparel Design Group)
時尚設計系(服飾創意設計組)	Department of Fashion Design (Clothing Creative Design Group)
時尚設計與管理系	Department of Fashion Design and Management
時尚造型事業系	Department of Fashion Styling Business
時尚造型與視訊傳播系	Department of Fashion Styling and Video Communication
時尚造型與設計系	Department of Fashion Styling and Design
時尚造型設計管理系	Department of Fashion Design Management
時尚造型設計管理系（淡水校區）	Department of Fashion Design Management (Tsui Campus)
時尚造型設計系	Department of Fashion Design
時尚造型設計系時尚表演藝術組	Department of Fashion Design, Fashion Performing Arts Group
時尚造型設計系時尚造型設計組	Fashion Design Department Fashion Design Group
時尚造形設計系	Department of Fashion Design
景文科技大學	Jingwen University of Science and Technology
景觀及都市設計系	Department of Landscape and Urban Design
景觀學系	Department of Landscape Science
景觀學系(A組)	Department of Landscape Science (Group A)
景觀學系(B組)	Department of Landscape Science (Group B)
景觀學系(社會組)	Department of Landscape Studies (Social Section)
景觀學系(自然組)	Department of Landscape Science (Natural Group)
景觀學系A組	Department of Landscape Science Group A
景觀學系B組	Department of Landscape Science Group B
景觀建築學系	Department of Landscape Architecture
景觀建築學系景觀設計組	Landscape Design Group, Department of Landscape Architecture
景觀建築學系產品設計組	Product Design Group, Department of Landscape Architecture
景觀系	Department of Landscape
景觀與環境設計學系	Department of Landscape and Environmental Design
景觀與遊憩學士學位學程	Bachelor's Degree in Landscape and Recreation
景觀設計學系	Department of Landscape Architecture
景觀設計學系(社會組)	Department of Landscape Architecture (Social Section)
景觀設計學系(自然組)	Department of Landscape Architecture (Natural Group)
景觀造園與維護系	Department of Landscape Architecture and Maintenance
晶片設計學士學位學程	Bachelor's Degree in Chip Design
智慧健康數位服務學士學位學程	Bachelor's Degree Program in Smart Health Digital Services
智慧創意工程學士學位學程	Bachelor's Degree Program in Smart Creative Engineering
智慧化自動控制英語學位學程	Intelligent Automatic Control English Degree Program
智慧化自動控制英語學士學位學程	Intelligent Automatic Control English Bachelor's Degree Program
智慧商務系	Department of Smart Business
智慧商務系（燕巢校區）	Department of Smart Business (Yanchao Campus)
智慧商務經營管理系	Department of Intelligent Business Management
智慧商務經營管理系（臺北校區）	Department of Smart Business Management (Taipei Campus)
智慧媒體與創新科技應用學士學位學程	Smart Media and Innovative Technology Applied Bachelor's Degree Program
智慧暨精緻農業學系	Department of Smart and Precision Agriculture
智慧服務管理英語學位學程	Smart Service Management English Degree Program
智慧服務管理英語學士學位學程	Intelligent Service Management English Bachelor's Degree Program
智慧服務管理英語學士學位學程(臺北校	Intelligent Service Management English Bachelor's Degree Program (Taipei Campus
智慧服務管理英語學士學位學程(臺北校區)	English Bachelor's Degree Program in Smart Service Management (Taipei Campus)
智慧服務管理英語學士學位學程A組(臺	Intelligent Service Management English Bachelor's Degree Program Group A (Taiwan
智慧服務管理英語學士學位學程B組(臺	Intelligent Service Management English Bachelor's Degree Program Group B (Taiwan
智慧機器人學士學位學程	Bachelor's Degree Program in Intelligent Robotics
智慧機器人學系	Department of Intelligent Robotics
智慧機器人工程系	Department of Intelligent Robot Engineering
智慧機電學士學位學程	Bachelor's Degree Program in Smart Mechatronics
智慧機電工程與應用系	Department of Intelligent Mechanical and Electrical Engineering and Application
智慧生產工程系	Department of Intelligent Production Engineering
智慧科技應用系	Department of Smart Technology Application
智慧科技英語學士學位學程	Bachelor's Degree Program in English for Smart Technology
智慧網路科技學系	Department of Smart Network Technology
智慧網路科技學系智慧網通科	Department of Smart Network Technology, Smart Network Section
智慧網路科技學系智慧網通科技組	Smart Network Technology Group, Department of Smart Network Technology
智慧網路科技學系智慧軟體應用組	Smart Software Application Group, Department of Smart Network Technology
智慧自動化工程系	Department of Intelligent Automation Engineering
智慧自動化工程系機械組	Mechanical Group, Department of Intelligent Automation Engineering
智慧自動化工程系電機組	Intelligent Automation Engineering Department Electrical Unit
智慧製造工程系	Department of Smart Manufacturing Engineering
智慧製造科技系	Department of Smart Manufacturing Technology
智慧計算暨應用數學系	Department of Intelligent Computing and Applied Mathematics
智慧車輛工程學系	Department of Intelligent Vehicle Engineering
智慧車輛系	Smart vehicle system
智慧車輛與能源系	Department of Intelligent Vehicles and Energy
書畫藝術學系	Department of Painting and Calligraphy
書畫藝術學系(乙組)	Department of Painting and Calligraphy (Group B)
書畫藝術學系(甲組)	Department of Painting and Calligraphy (Group A)
書畫藝術學系甲組	Group A, Department of Calligraphy and Painting Art
會展暨文創事業管理學士學位學程	Bachelor's Degree Program in Convention, Exhibition and Cultural Creative Industry Management
會展活動管理系	Department of Exhibition and Event Management
會展行銷與活動管理系	Department of Exhibition Marketing and Event Management
會計學系	Department of Accounting
會計學系(A組)	Department of Accounting (Group A)
會計學系(B組)	Department of Accounting (Group B)
會計學系(社會組)	Department of Accounting (Social Section)
會計學系(自然組)	Department of Accounting (natural group)
會計學系(臺北校區)	Department of Accounting (Taipei Campus)
會計學系A組	Accounting Department Group A
會計學系B組	Accounting Department Group B
會計學系【外加】	Department of Accounting【Additional】
會計學系智慧永續組(台北校區)	Smart Sustainability Group, Department of Accounting (Taipei Campus)
會計學系會計審計組(台北)	Accounting and Auditing Group, Department of Accounting (Taipei)
會計學系會計審計組(台北校區)	Accounting and Auditing Group, Department of Accounting (Taipei Campus)
會計學系會計審計組（臺北）	Accounting and Auditing Group, Department of Accounting (Taipei)
會計學系稅務規劃組(台北)	Tax Planning Group, Department of Accounting (Taipei)
會計學系稅務規劃組(台北校區)	Tax Planning Group, Department of Accounting (Taipei Campus)
會計學系稅務規劃組（臺北）	Tax Planning Group, Department of Accounting (Taipei)
會計學系管理應用組	Management Application Group, Department of Accounting
會計學系財稅規劃組	Fiscal and Taxation Planning Group, Department of Accounting
會計暨稅務學系	Department of Accounting and Taxation
會計暨稅務學系企業治理組(高雄校區)	Corporate Governance Section, Department of Accounting and Taxation (Kaohsiung Campus)
會計暨稅務學系會計AI組(高雄校區)	Accounting AI Group, Department of Accounting and Taxation (Kaohsiung Campus)
會計暨稅務學系洗錢防制組(高雄校區)	Money Laundering Prevention Section, Department of Accounting and Taxation (Kaohsiung Campus)
會計暨稅務學系科	Department of Accounting and Taxation
會計暨稅務學系科技應用組	Technology Application Group, Department of Accounting and Taxation
會計暨稅務學系科技應用組(高雄校區)	Technology Application Group, Department of Accounting and Taxation (Kaohsiung Campus)
會計暨稅務學系財務金融組(高雄校區)	Finance Section, Department of Accounting and Taxation (Kaohsiung Campus)
會計暨稅務學系財富管理組	Wealth Management Section, Department of Accounting and Taxation
會計暨稅務學系財富管理組(高雄校區)	Wealth Management Section, Department of Accounting and Taxation (Kaohsiung Campus)
會計系	Department of Accounting
會計系（燕巢校區）	Department of Accounting (Yanchao Campus)
會計與資訊學系	Department of Accounting and Informatics
會計與資訊學系(智慧會計組)	Department of Accounting and Informatics (Smart Accounting Group)
會計與資訊學系(智慧稽核組)	Department of Accounting and Information Science (Smart Audit Team)
會計與資訊學系(會計稅務組)	Department of Accounting and Information Science (Accounting and Taxation Section)
會計與資訊學系(管理應用組)	Department of Accounting and Information Science (Management Application Group)
會計與資訊學系(財稅應用組)	Department of Accounting and Information Science (Finance and Taxation Application Group)
會計與資訊學系智慧會計組	Smart Accounting Group, Department of Accounting and Informatics
會計與資訊學系會計稅務組	Accounting and Taxation Section, Department of Accounting and Information Science
會計與資訊科技學系	Department of Accounting and Information Technology
會計與資訊科技學系乙組	Department of Accounting and Information Technology Group B
會計與資訊科技學系甲組	Department of Accounting and Information Technology Group A
會計與資訊管理學系	Department of Accounting and Information Management
會計與資訊管理學系(人工智慧科技管理	Department of Accounting and Information Management (Artificial Intelligence Technology Management
會計與資訊管理學系(投資理財組)	Department of Accounting and Information Management (Investment and Financial Management Group)
會計與資訊管理學系(會計暨投資理財	Department of Accounting and Information Management (Accounting and Investment and Financial Management
會計資訊學系	Department of Accounting and Information Science
會計資訊學系稅務應用組	Tax Application Group, Department of Accounting and Information Science
會計資訊學魚(投資理財組?	Accounting Information Xuyu (Investment and Financial Management Group?
會計資訊學魚(會計管理組)	Accounting Information Xuyu (Accounting Management Group)
會計資訊系	Department of Accounting and Information
會計資訊系會計資訊組	Accounting Information Section, Department of Accounting Information
會計資訊系財政稅務組	Finance and Taxation Section, Department of Accounting and Information
會計資訊系（燕巢校區）	Department of Accounting and Information (Yanchao Campus)
會計資訊系（第一校區）	Department of Accounting and Information (First Campus)
會計資訊系（臺北校區）	Department of Accounting and Information (Taipei Campus)
會議展覽管理學士學位學程	Bachelor's Degree in Convention and Exhibition Management
服裝設計學系	Department of Fashion Design
服裝設計學系(臺北校區)	Department of Fashion Design (Taipei Campus)
服飾設計管理系	Department of Fashion Design Management
服飾設計系	Department of Fashion Design
服飾設計與經營學系	Department of Fashion Design and Management
服飾設計與經營學系(高雄)	Department of Fashion Design and Management (Kaohsiung)
服飾設計與經營學系(高雄校區)	Department of Fashion Design and Management (Kaohsiung Campus)
服飾設計與經營學系創意設計組(高雄校區)	Creative Design Group, Department of Fashion Design and Management (Kaohsiung Campus)
朝陽科技大學	Chaoyang University of Science and Technology
木材科學與設計系	Department of Wood Science and Design
木質材料與設計學系	Department of Wood Materials and Design
未來與樂活產業學系	Department of Future and LOHAS Industry
材料及資源工程系	Department of Materials and Resources Engineering
材料及資源工程系材料組	Materials Group, Department of Materials and Resource Engineering
材料及資源工程系資源組	Resource Group, Department of Materials and Resource Engineering
材料工程學系	Department of Materials Engineering
材料工程系	Department of Materials Engineering
材料科學及工程學系	Department of Materials Science and Engineering
材料科學工程學系	Department of Materials Science and Engineering
材料科學工程學系乙組	Department of Materials Science and Engineering Group B
材料科學工程學系甲組	Department of Materials Science and Engineering Group A
材料科學系	Department of Materials Science
材料科學與工程學系	Department of Materials Science and Engineering
材料科學與工程學系-伊利諾雙聯組	Department of Materials Science and Engineering-Illinois Dual Group
材料科學與工程學系乙組	Department of Materials Science and Engineering Group B
材料科學與工程學系甲組	Department of Materials Science and Engineering Group A
材料科學與工程系	Department of Materials Science and Engineering
材料織品服裝系	Materials, fabrics and clothing
材料織品服裝系材料應用科	Department of Materials, Textiles and Apparel, Materials Application Section
材料織品服裝系材料應用科技組	Materials Application Technology Group, Department of Materials, Textiles and Apparel
材料織品服裝系織品服裝設計組	Textile and Apparel Department Textile and Apparel Design Team
材料與光電科學學系	Department of Materials and Optoelectronic Sciences
材料與光電科學學系丙組	Group C, Department of Materials and Optoelectronics Science
材料與光電科學學系乙組	Department of Materials and Optoelectronics Science Group B
材料與光電科學學系全英語組	Department of Materials and Optoelectronic Science All-English Section
材料與光電科學學系甲組	Department of Materials and Optoelectronics Science Group A
材料與纖維系	Department of Materials and Fibers
材料與纖維系材料應用科	Department of Materials and Fiber Materials Application
材料與纖維系材料應用科技組	Materials and Fiber Materials Application Technology Group
材料與纖維系織品服裝設計組	Material and Fiber Fabric and Fashion Design Group
材料與能源工程學系	Department of Materials and Energy Engineering
材料製造科技學位學程	Materials Manufacturing Technology Degree Program
材料製造科技學士學位學程	Bachelor's Degree in Materials Manufacturing Technology
材質創作與設計系	Department of Material Creation and Design
東亞學系	Department of East Asian Studies
東亞語文學系	Department of East Asian Languages and Literatures
東亞語文學系日語組	Japanese Section, Department of East Asian Languages and Literatures
東亞語文學系越語組	Vietnamese Section, Department of East Asian Languages and Literatures
東亞語文學系韓語組	Korean Section, Department of East Asian Languages and Literatures
東南亞學系	Department of Southeast Asian Studies
東南亞文化產業學士學位學程	Southeast Asian Cultural Industries Bachelor's Degree Program
東南亞文化與產業學士學位學程	Southeast Asian Culture and Industry Bachelor's Degree Program
東南亞智慧商務學士學位學程	Southeast Asia Smart Business Bachelor's Degree Program
東南亞智慧商務學士學位學程(高雄校	Southeast Asia Smart Business Bachelor's Degree Program (Kaohsiung Campus
東南亞智慧商務學士學位學程行銷流通	Southeast Asia Smart Business Bachelor's Degree Program Marketing and Distribution
東南亞智慧商務學士學位學程語言文化	Southeast Asia Smart Business Bachelor's Degree Program Language and Culture
東南亞智慧商務學士學位學程雲端商務	Southeast Asia Smart Business Bachelor's Degree Program Cloud Business
東南亞經貿與數位金融管理學士學位學程	Bachelor's Degree Program in Southeast Asia Economics, Trade and Digital Finance Management
東南亞語文學系	Department of Southeast Asian Languages and Literatures
東南亞語文學系印尼文組	Indonesian Section, Department of Southeast Asian Languages and Literatures
東南亞語文學系泰文組	Thai Section, Department of Southeast Asian Languages and Literatures
東南亞語文學系越文組	Vietnamese Section, Department of Southeast Asian Languages and Literatures
東南亞語言文化學士學位學程	Bachelor's Degree Program in Southeast Asian Languages and Cultures
東南亞語言與文化學士學位學程	Bachelor's Degree Program in Southeast Asian Languages and Cultures
東南亞語言與文化學士學位學程(印尼文組)	Bachelor's Degree Program in Southeast Asian Languages and Cultures (Indonesian Section)
東南亞語言與文化學士學位學程(泰文組)	Bachelor's Degree in Southeast Asian Languages and Cultures (Thai Section)
東南亞語言與文化學士學位學程(越文組)	Bachelor's Degree Program in Southeast Asian Languages and Cultures (Vietnamese Section)
東南亞語言與文化學士學位學程印尼文	Bachelor's Degree in Southeast Asian Languages and Cultures Indonesian
東南亞語言與文化學士學位學程印尼文組	Bachelor's degree program in Southeast Asian Languages and Cultures Indonesian Section
東南亞語言與文化學士學位學程泰文組	Bachelor's Degree in Southeast Asian Languages and Cultures (Thai Section)
東南亞語言與文化學士學位學程越文組	Bachelor's Degree in Southeast Asian Languages and Cultures (Vietnamese Section)
東南科技大學	Southeast University of Science and Technology
東吳大學	Soochow University
東方設計大學	Oriental Design University
東方語文學系	Department of Oriental Philology
東方語文學系中文組	Chinese Section, Department of Oriental Languages and Literatures
東方語文學系日文組	Japanese Section, Department of Oriental Languages and Literatures
東海大學	Tunghai University
森林學系	Department of Forestry
森林學系木材科	Department of Forestry, Wood Section
森林學系木材科學組	Wood Science Group, Department of Forestry
森林學系林學組	Forestry Group, Department of Forestry
森林暨自然保育學系	Department of Forestry and Nature Conservation
森林暨自然保育學系(A組)	Department of Forestry and Nature Conservation (Group A)
森林暨自然保育學系(B組)	Department of Forestry and Nature Conservation (Group B)
森林暨自然資源學系	Department of Forestry and Natural Resources
森林環境暨資源學系	Department of Forest Environment and Resources
森林系	Department of Forestry
植物病理學系	Department of Plant Pathology
植物病理與微生物學系	Department of Plant Pathology and Microbiology
植物醫學系	Department of Phytomedicine
樂活產業學系	Department of LOHAS Industrial Science
樂齡服務產業管理系	Department of Senior Services Industry Management
樂齡生活產業管理學士學位學程	Bachelor's Degree Program in Senior Living Industry Management
樂齡福祉與健康促進系	Department of Elderly Welfare and Health Promotion
模具工程系	Department of Mold Engineering
模具工程系光電模具組	Optoelectronic Mold Group, Department of Mold Engineering
模具工程系精微模具組	Mold Engineering Department Fine Mold Group
模具工程系（建工校區）	Department of Mold Engineering (Jiangong Campus)
樹德科技大學	Shude University of Technology
機器人學士學位學程	Robotics Bachelor's Degree Program
機械工程國際學士學位學程	International Bachelor's Degree Program in Mechanical Engineering
機械工程學系	Department of Mechanical Engineering
機械工程學系(普渡雙聯組)	Department of Mechanical Engineering (Purdue Duplex)
機械工程學系(智慧機械組)	Department of Mechanical Engineering (Intelligent Machinery Group)
機械工程學系(智慧自動化組)	Department of Mechanical Engineering (Smart Automation Group)
機械工程學系(航空技術組)	Department of Mechanical Engineering (Aviation Technology Group)
機械工程學系【外加】	Department of Mechanical Engineering【Additional】
機械工程學系乙組	Department of Mechanical Engineering Group B
機械工程學系先進材料與精密製造組	Advanced Materials and Precision Manufacturing Group, Department of Mechanical Engineering
機械工程學系光機電工程組	Optomechanical and Electrical Engineering Group, Department of Mechanical Engineering
機械工程學系光機電整合工程組	Optomechanical and Electrical Integration Engineering Group, Department of Mechanical Engineering
機械工程學系智慧機械組	Intelligent Machinery Group, Department of Mechanical Engineering
機械工程學系智慧自動化組	Intelligent Automation Group, Department of Mechanical Engineering
機械工程學系機械工程組	Mechanical Engineering Group, Department of Mechanical Engineering
機械工程學系甲組	Department of Mechanical Engineering Group A
機械工程學系精密機械組(乙)	Precision Machinery Group (B), Department of Mechanical Engineering
機械工程學系精密機械組(甲)	Precision Machinery Group (A), Department of Mechanical Engineering
機械工程學系航空技術組	Aeronautical Technology Group, Department of Mechanical Engineering
機械工程學系設計與分析組	Design and Analysis Group, Department of Mechanical Engineering
機械工程學系電子機械組(乙)	Department of Mechanical Engineering, Electronic Mechanical Group (B)
機械工程學系電子機械組(甲)	Department of Mechanical Engineering, Electronic Mechanical Group (A)
機械工程系	Department of Mechanical Engineering
機械工程系先進車輛組	Advanced Vehicle Group, Department of Mechanical Engineering
機械工程系光機電組	Department of Mechanical Engineering Optomechanical and Electrical Group
機械工程系微奈米技術組	Micro-Nano Technology Group, Department of Mechanical Engineering
機械工程系智慧製造組	Smart Manufacturing Group, Department of Mechanical Engineering
機械工程系智慧車輛組	Department of Mechanical Engineering Intelligent Vehicle Group
機械工程系智能系	Department of Mechanical Engineering Department of Intelligence
機械工程系智能系統與控制組	Intelligent Systems and Control Group, Department of Mechanical Engineering
機械工程系材料與精密製造組	Materials and Precision Manufacturing Group, Department of Mechanical Engineering
機械工程系機電組	Department of Mechanical Engineering, Mechanical and Electrical Group
機械工程系機電組（建工校區）	Mechanical and Electrical Group of the Department of Mechanical Engineering (Jiangong Campus)
機械工程系機電綠能組	Mechanical and Electrical Green Energy Group, Department of Mechanical Engineering
機械工程系汽車組	Department of Mechanical Engineering Automotive Group
機械工程系精密機械組	Precision Machinery Group, Department of Mechanical Engineering
機械工程系精密機械設計組	Precision Machinery Design Group, Department of Mechanical Engineering
機械工程系精密製造技術組	Precision Manufacturing Technology Group, Department of Mechanical Engineering
機械工程系精密設計製造組	Precision Design and Manufacturing Group, Department of Mechanical Engineering
機械工程系自動化控制組	Automation Control Group, Department of Mechanical Engineering
機械工程系車輛工程組	Vehicle Engineering Group, Department of Mechanical Engineering
機械工程系車輛組	Vehicle Group, Department of Mechanical Engineering
機械工程系（台北校區）	Department of Mechanical Engineering (Taipei Campus)
機械工程系（建工校區）	Department of Mechanical Engineering (Jiangong Campus)
機械與智慧製造工程系	Department of Mechanical and Intelligent Manufacturing Engineering
機械與材料工程學系	Department of Mechanical and Materials Engineering
機械與材料工程學系(乙組)	Department of Mechanical and Materials Engineering (Group B)
機械與材料工程學系(甲組)	Department of Mechanical and Materials Engineering (Group A)
機械與機電工程學系	Department of Mechanical and Mechatronic Engineering
機械與機電工程學系乙組	Department of Mechanical and Electromechanical Engineering Group B
機械與機電工程學系光機電整合組	Optomechanical and Electrical Integration Group, Department of Mechanical and Mechatronic Engineering
機械與機電工程學系光機電組	Optomechanical and Electrical Group, Department of Mechanical and Mechatronic Engineering
機械與機電工程學系全英語組	Department of Mechanical and Electromechanical Engineering Full English Section
機械與機電工程學系甲組	Department of Mechanical and Electromechanical Engineering Group A
機械與機電工程學系精密機械組	Precision Machinery Group, Department of Mechanical and Electromechanical Engineering
機械與機電工程系精密機械組	Precision Machinery Group, Department of Mechanical and Electromechanical Engineering
機械與能源工程學系	Department of Mechanical and Energy Engineering
機械與自動化工程學系	Department of Mechanical and Automation Engineering
機械與自動化工程系	Department of Mechanical and Automation Engineering
機械與電腦輔助工程學系	Department of Mechanical and Computer-Aided Engineering
機械與電腦輔助工程系	Department of Mechanical and Computer-Aided Engineering
機械設計工程系	Department of Mechanical Design Engineering
機電學士班	Bachelor of Mechanical and Electrical Engineering
機電工程學系	Department of Mechanical and Electrical Engineering
機電工程學系（公費生）	Department of Mechanical and Electrical Engineering (Government-funded students)
機電工程系	Department of Mechanical and Electrical Engineering
機電工程系智慧自動化組	Intelligent Automation Group, Department of Mechanical and Electrical Engineering
機電工程系精密機械組	Precision Machinery Group, Department of Mechanical and Electrical Engineering
歐洲語文學系	Department of European Philology
歐洲語文學系俄文組	Russian Section, Department of European Philology
歐洲語文學系德文組	German Section, Department of European Philology
歐洲語文學系法文組	French Section, Department of European Philology
歐洲語文學系西文組	Spanish Section, Department of European Languages and Literatures
歐洲語文學系西班	Spanish Department of European Philology
歐洲語文學系西班牙文組	Spanish Section, Department of European Philology
歐美語文學系	Department of European and American Languages and Literatures
正修科技大學	Zhengxiu University of Science and Technology
歷史學系	Department of History
歷史學系(A組)	Department of History (Group A)
歷史學系(B組)	Department of History (Group B)
歷史學系(史學經典與創作組)	Department of History (Historical Classics and Creation Group)
歷史學系(圖像史學與數位組)	Department of History (Image History and Digital Group)
歷史學系【外加】	Department of History【Additional】
歷史與地理學系	Department of History and Geography
民族事務與發展學系	Department of Ethnic Affairs and Development
民族學系	Department of Ethnology
民族學系【外加】	Department of Ethnology【Additional】
民族發展與社會工作學系	Department of Ethnic Development and Social Work
民族發展與社會工作學系民族發展組	Ethnic Development Group, Department of Ethnic Development and Social Work
民族發展與社會工作學系社會工作組	Social Work Group, Department of Ethnic Development and Social Work
民族社會工作學士學位學程	Bachelor's Degree Program in Ethnic Social Work
民族社會工作學士學位學程【外加】	Bachelor's Degree Program in Ethnic Social Work [Additional]
民族語言與傳播學系	Department of Ethnic Languages and Communication Studies
水利及海洋工程學系	Department of Hydraulic and Ocean Engineering
水利工程與資源保育學系	Department of Water Conservancy Engineering and Resource Conservation
水利工程與資源保育學系A組	Group A, Department of Water Conservancy Engineering and Resource Conservation
水利工程與資源保育學系B組	Group B, Department of Water Conservancy Engineering and Resource Conservation
水土保持學系	Department of Soil and Water Conservation
水土保持系	Soil and Water Conservation Department
水生生物科學系	Department of Aquatic Biological Sciences
水產食品科學系	Department of Fisheries and Food Science
水產食品科學系（楠梓校區）	Department of Fishery and Food Science (Nanzi Campus)
水產養殖學系	Department of Aquaculture
水產養殖系	Department of Aquaculture
水產養殖系（楠梓校區）	Department of Aquaculture (Nanzi Campus)
水資源及環境工程學系	Department of Water Resources and Environmental Engineering
水資源及環境工程學系水資源工程組	Water Resources Engineering Group, Department of Water Resources and Environmental Engineering
水資源及環境工程學系環境工程組	Environmental Engineering Group, Department of Water Resources and Environmental Engineering
水資源及環工系	Department of Water Resources and Environmental Engineering
水資源及環工系水資源工程組	Water Resources Engineering Group, Department of Water Resources and Environmental Engineering
水資源及環工系環境工程組	Environmental Engineering Group, Department of Water Resources and Environmental Engineering
永續環境與智慧科技學士學位學程	Bachelor's Degree Program in Sustainable Environment and Smart Technology
永續科學與工程學士學位學程	Bachelor's Degree in Sustainable Science and Engineering
永續科學與管理學士學位學程	Bachelor's Degree in Sustainability Science and Management
河海工程學系	Department of River and Sea Engineering
法國語文學系	Department of French Language and Literature
法國語文系	French Language Department
法律學士學位學程	Bachelor of Laws Program
法律學系	Department of Law
法律學系(台北校區)	Department of Law (Taipei Campus)
法律學系(臺北校區)	Department of Law (Taipei Campus)
法律學系【外加】	Department of Law【Additional】
法律學系企業金融法制組	Department of Law, Corporate Finance and Legal Affairs Section
法律學系司法組	Judicial Section, Department of Law
法律學系司法組【外加】	Judicial Section, Department of Law [Additional]
法律學系法制組	Legal Affairs Section, Department of Law
法律學系法學組	Law Section, Department of Law
法律學系法律應用實務組	Legal Application Practice Group, Department of Law
法律學系財經法學組	Department of Law, Financial and Economic Law Group
法律學系財經法學組【外加】	Department of Law, Financial and Economic Law Section [Additional]
法律學系財經法律組	Department of Law, Financial and Economic Law Group
法律學系財經法組	Department of Law, Financial and Economic Law Section
法律學系財經科	Department of Law, Department of Finance and Economics
法律學系財經科技法律組	Department of Law, Finance, Technology and Law Group
法律學系（臺北）	Department of Law (Taipei)
法律學系（臺北）【外加】	Department of Law (Taipei) [Additional]
流行商品設計系	Department of Fashion Product Design
流行時尚造型設計系	Department of Fashion Design
流行設計系	Department of Fashion Design
流行音樂事業系	Department of Popular Music Business
流行音樂創作學士學位學程	Bachelor's Degree in Popular Music Composition
流行音樂產業管理系	Department of Popular Music Industry Management
流行音樂產業系	Department of Popular Music Industry
流行音樂系	Department of Popular Music
流通管理系	Department of Circulation Management
流通管理系連鎖加盟組	Circulation Management Department Chain Franchise Group
海事資訊科技系	Department of Maritime Information Technology
海事資訊科技系（旗津校區）	Department of Maritime Information Technology (Cijin Campus)
海洋休閒管理系	Department of Marine Recreation Management
海洋休閒管理系（楠梓校區）	Department of Marine Leisure Management (Nanzi Campus)
海洋休閒觀光管理系	Department of Marine Leisure and Tourism Management
海洋休閒觀光管理系（士林校區）	Department of Marine Leisure and Tourism Management (Shilin Campus)
海洋休閒觀光系	Department of Marine Leisure and Tourism
海洋休閒觀光系（士林校區）	Department of Marine Leisure and Tourism (Shilin Campus)
海洋工程科技學士學位學程	Bachelor's Degree in Marine Engineering Technology
海洋文創設計產業學位學程	Marine Cultural and Creative Design Industry Degree Program
海洋文創設計產業學士學位學程	Marine Cultural and Creative Design Industry Bachelor's Degree Program
海洋法政學士學位學程	Bachelor's Degree in Maritime Law and Politics
海洋環境及工程學系	Department of Marine Environment and Engineering
海洋環境工程系	Department of Marine Environmental Engineering
海洋環境工程系（楠梓校區）	Department of Marine Environmental Engineering (Nanzi Campus)
海洋環境資訊系	Department of Marine Environmental Information
海洋生物技術系	Department of Marine Biotechnology
海洋生物技術系（楠梓校區）	Department of Marine Biotechnology (Nanzi Campus)
海洋生物科技學士學位學程	Bachelor's Degree in Marine Biotechnology
海洋生物科技暨資源學系	Department of Marine Biotechnology and Resources
海洋科學系	Department of Marine Science
海洋經營管理學士學位學程	Bachelor's Degree in Marine Operations and Management
海洋與邊境管理學系	Department of Marine and Border Management
海洋與邊境管理學系【外加】	Department of Marine and Border Management [Additional]
海洋觀光管理學士學位學程	Bachelor's Degree in Marine Tourism Management
海洋遊憩系	Department of Marine Recreation
海洋運動休閒系	Marine Sports and Leisure Department
海洋運動休閒系（士林校區）	Department of Marine Sports and Leisure (Shilin Campus)
海空物流與行銷系	Department of Sea and Air Logistics and Marketing
海空物流與行銷系（淡水校本部）	Department of Sea and Air Logistics and Marketing (Tsui Campus)
消防安全學位學程	Fire Safety Degree Program
消防安全學位學程(社會組)	Fire Safety Degree Program (Society Section)
消防安全學位學程(自然組)	Fire Safety Degree Program (Natural Category)
消防安全學士學位學程	Bachelor's Degree in Fire Safety
消防安全學士學位學程(社會組)	Bachelor's Degree in Fire Safety (Society Stream)
消防安全學士學位學程(自然組)	Bachelor's Degree in Fire Safety (Natural Stream)
消防安全學士學位學程消防實務管理組	Fire Safety Practice Management Group, Bachelor's Degree in Fire Safety
消防安全學士學位學程火場鑑識組	Bachelor's Degree in Fire Safety Fire Scene Identification Section
消防系	Department of Fire Protection
淡江大學	Tamkang University
測量及空間資訊學系	Department of Surveying and Spatial Informatics
漁業生產與管理系	Department of Fisheries Production and Management
漁業生產與管理系（楠梓校區）	Department of Fishery Production and Management (Nanzi Campus)
漁業科技與管理系	Department of Fishery Technology and Management
演藝事業系	Department of Performing Arts
演藝時尚事業管理系	Department of Performing Arts and Fashion Business Management
演藝時尚事業管理系（淡水校區）	Department of Performing Arts and Fashion Management (Tsui Campus)
漫畫學士學位學程	Bachelor's Degree in Comics
漫畫系	Department of Comics
烘焙創意與經營管理學士學位學程	Bachelor's degree program in Baking Creativity and Business Management
烘焙暨飲料調製學士學位學程	Bachelor's Degree in Baking and Beverage Preparation
烘焙管理系	Department of Baking Management
無人機應用學士學位學程	Bachelor's Degree Program in Drone Applications
熱帶農業暨國際合作系	Department of Tropical Agriculture and International Cooperation
營建工程安全學士學位學程	Bachelor's Degree Program in Construction Safety
營建工程系	Department of Construction Engineering
營建工程系（第一校區）	Department of Construction Engineering (First Campus)
營建科技系	Department of Construction Technology
營建科技系室內設計與管理組	Interior Design and Management Group, Department of Construction Technology
營建科技系營建與空間設計組	Construction and Space Design Group, Department of Construction Technology
營建與空間設計系	Department of Construction and Space Design
營養學系	Department of Nutrition
營養學系【外加】	Department of Nutrition【Additional】
營養學系臨床營養組	Clinical Nutrition Group, Department of Nutrition
營養學系食品營養組	Food and Nutrition Section, Department of Nutrition
營養科學學士學位學程	Nutritional Science Bachelor's Degree Program
營養科學系	Department of Nutritional Sciences
營養系	Department of Nutrition
牙醫學系	Department of Dentistry
牙醫學系(薪火A2幼)	Department of Dentistry (Xinhuo A2 Junior)
牙醫學系璞玉組	Department of Dentistry Puyu Group
牙體技術學系	Department of Dental Technology
牙體技術暨材料系	Department of Dental Technology and Materials
物業經營與管理系	Department of Property Operation and Management
物業經營與管理系室內設計組	Interior Design Group, Department of Property Management and Property Management
物理學系	Department of Physics
物理學系(天文與基礎物理組)	Department of Physics (Astronomy and Basic Physics Group)
物理學系(量子材料組)	Department of Physics (Quantum Materials Group)
物理學系一般物理組	Department of Physics, General Physics Group
物理學系光電物理組	Optoelectronic Physics Group, Department of Physics
物理學系光電組	Optoelectronics Group, Department of Physics
物理學系光電與材料科	Department of Physics, Department of Optoelectronics and Materials
物理學系光電與材料科學組	Optoelectronics and Materials Science Group, Department of Physics
物理學系國際組	Department of Physics International Group
物理學系奈米與光電科	Department of Physics, Nano and Optoelectronics Section
物理學系奈米與光電科學組	Nano and Optoelectronics Science Group, Department of Physics
物理學系應用物理組	Applied Physics Group, Department of Physics
物理學系物理組	Physics Group, Department of Physics
物理學系物理組(乙組天文物理組)	Physics Group, Department of Physics (Group B Astrophysics Group)
物理學系物理組(天文物理組)	Department of Physics, Physics Group (Astrophysics Group)
物理學系物理組(甲組一般組)	Physics Group, Department of Physics (Group A General Group)
物理學系量子科	Department of Physics Quantum Section
物理學系量子科技組(全英)	Quantum Technology Group, Department of Physics (All UK)
物理學系電子物理組	Electronic Physics Group, Department of Physics
物理治療學系	Department of Physiotherapy
物理治療學系【外加】	Department of Physiotherapy【Additional】
物理治療暨輔助科技學系	Department of Physiotherapy and Assistive Technology
物理治療系	Department of Physical Therapy
物聯網工程與應用學士學位學程	Bachelor's Degree Program in Internet of Things Engineering and Applications
特殊教育學系	Department of Special Education
特殊教育學系(公費)-臺東縣	Department of Special Education (Publicly Funded)-Taitung County
特殊教育學系(公費)-雲林縣	Department of Special Education (publicly funded)-Yunlin County
特殊教育學系(女)	Department of Special Education (Female)
特殊教育學系(文組)	Department of Special Education (Article Section)
特殊教育學系(理組)	Department of Special Education (Science Section)
特殊教育學系(男)	Department of Special Education (Male)
特殊教育學系(自費)	Department of Special Education (self-funded)
特殊教育學系【外加】	Department of Special Education【Additional】
犯罪防治學系	Department of Crime Prevention
犯罪防治學系(桃園校區)	Department of Crime Prevention (Taoyuan Campus)
犯罪防治學系（桃園）	Department of Crime Prevention (Taoyuan)
犯罪防治學系（桃園）【外加】	Department of Crime Prevention (Taoyuan) [Additional]
獸醫學系	Department of Veterinary Medicine
玄奘大學	Xuanzang University
理學院學士班	Bachelor of Science
理學院尖端材料科學學位學程	Advanced Materials Science Degree Program in the Faculty of Science
理學院尖端材料科學學士學位學程	Bachelor's Degree Program in Advanced Materials Science, Faculty of Science
理學院科學學士學位學程	Faculty of Science Bachelor of Science Program
理學院科學學士學位學程(丙組)	Bachelor of Science Program in the Faculty of Science (Group C)
理學院科學學士學位學程(乙組)	Bachelor of Science Program (Faculty of Science) (Group B)
理學院科學學士學位學程甲組	Faculty of Science Bachelor of Science Program Group A
理工學院大數據科學國際學士班	International Bachelor's Program in Big Data Science at the Polytechnic Institute
理財經營管理系	Department of Financial Management
理財與稅務規劃學系	Department of Financial Management and Tax Planning
理財與稅務規劃系	Department of Financial Management and Tax Planning
環境工程學系	Department of Environmental Engineering
環境工程學系(社會組)	Department of Environmental Engineering (Social Section)
環境工程學系【外加】	Department of Environmental Engineering【Additional】
環境工程系	Department of Environmental Engineering
環境工程系環保產業技術組	Environmental Protection Industry Technology Group, Department of Environmental Engineering
環境工程系生態與環境資源管理組	Department of Environmental Engineering Ecology and Environmental Resource Management Group
環境工程系綠色科	Department of Environmental Engineering, Green Section
環境工程系綠色科技與管理組	Green Technology and Management Group, Department of Environmental Engineering
環境工程與科學學系	Department of Environmental Engineering and Science
環境工程與科學系	Department of Environmental Engineering and Science
環境工程與科學系環境應用組	Environmental Applications Group, Department of Environmental Engineering and Science
環境工程與科學系環境檢驗組	Environmental Inspection Group, Department of Environmental Engineering and Science
環境工程與科學系環境科	Department of Environmental Engineering and Science, Environmental Section
環境工程與科學系環境科技組	Environmental Technology Group, Department of Environmental Engineering and Science
環境工程與管理系	Department of Environmental Engineering and Management
環境工程衛生系	Department of Environmental Engineering and Health
環境生物與漁業科學學系	Department of Environmental Biology and Fisheries Science
環境科學與工程學系	Department of Environmental Science and Engineering
環境科學與工程學系(自然A組)	Department of Environmental Science and Engineering (Natural Group A)
環境科學與工程學系(自然B組)	Department of Environmental Science and Engineering (Natural Group B)
環境科學與工程系(自然A組)	Department of Environmental Science and Engineering (Natural Group A)
環境科學與工程系(自然B組)	Department of Environmental Science and Engineering (Natural Group B)
環境科技與管理系	Department of Environmental Technology and Management
環境與安全工程學系	Department of Environmental and Safety Engineering
環境與安全衛生工程學系	Department of Environmental and Safety and Health Engineering
環境與安全衛生工程系	Department of Environmental and Safety and Health Engineering
環境與安全衛生工程系(乙組)	Department of Environmental and Safety and Health Engineering (Group B)
環境與安全衛生工程系(甲組)	Department of Environmental and Safety and Health Engineering (Group A)
環境與安全衛生工程系環境工程組	Environmental Engineering Group, Department of Environmental and Safety and Health Engineering
環境與安全衛生工程系綠色科	Green Section, Department of Environmental and Safety and Health Engineering
環境與安全衛生工程系綠色科技組	Green Technology Group, Department of Environmental and Safety and Health Engineering
環境與文化資源學系	Department of Environment and Cultural Resources
環境與職業安全衛生系	Department of Environmental and Occupational Safety and Health
環境與食品安全檢驗學士學位學程	Bachelor's degree program in Environmental and Food Safety Inspection
環境與食品安全檢驗學士學位學程(環境	Bachelor's Degree Program in Environmental and Food Safety Inspection (Environmental
環境與食品安全檢驗學士學位學程(食品	Bachelor's degree program in Environmental and Food Safety Inspection (Food
環境與食品安全檢驗學士學位學程環境檢驗組	Bachelor's Degree in Environmental and Food Safety Inspection Environmental Inspection Section
環境與食品安全檢驗學士學位學程食品安全管理組	Bachelor's Degree in Environmental and Food Safety Inspection Food Safety Management Group
環境與食品安全檢驗學士學位學程食品檢驗組	Bachelor's Degree in Environmental and Food Safety Inspection Food Inspection Section
環境與食安檢驗學程	Environmental and Food Safety Inspection Course
環境與食安檢驗學程(安管組)	Environmental and Food Safety Inspection Course (Safety Management Section)
環境與食安檢驗學程(環檢組)	Environmental and Food Safety Inspection Course (Environmental Inspection Team)
環境與食安檢驗學程(食檢組)	Environmental and Food Safety Inspection Course (Food Inspection Section)
環境資源管理系	Department of Environmental Resources Management
環境資源管理系智慧綠色工業組	Smart Green Industry Group, Department of Environmental Resources Management
環境資源管理系資源永續經營組	Resource Sustainability Management Team, Department of Environmental Resource Management
環球科技大學	Global University of Science and Technology
生化暨分子醫學科學系	Department of Biochemistry and Molecular Medical Sciences
生化科技學系	Department of Biochemical Technology
生命禮儀暨關懷事業系	Department of Life Rites and Care Services
生命科學暨生物科技學系	Department of Life Sciences and Biotechnology
生命科學暨醫學院學士班	Bachelor's degree in life sciences and medical school
生命科學系	Department of Life Sciences
生命科學系(公費)	Department of Life Sciences (publicly funded)
生命科學系(自費)	Department of Life Sciences (self-funded)
生命科學系暨基因科學研究所	Department of Life Sciences and Institute of Genetic Sciences
生命科學系暨基因體科學研究所	Department of Life Sciences and Institute of Genomic Sciences
生命科學系生態暨生物多樣性組	Ecology and Biodiversity Section, Department of Life Sciences
生命科學系生態生物多樣性組	Ecological Biodiversity Group, Department of Life Sciences
生命科學系生物醫學組	Biomedical Group, Department of Life Sciences
生命科學院學士班	Bachelor's Degree, School of Life Sciences
生命關懷事業科	Life Care Business Division
生態人文學系	Department of Ecological Humanities
生態人文學系(人文組)	Department of Ecological Humanities (Humanities Group)
生態人文學系(自然組)	Department of Ecological Humanities (Nature Group)
生態暨環境資源學系	Department of Ecology and Environmental Resources
生態暨環境資源學系【外加】	Department of Ecology and Environmental Resources [Additional]
生死學系	Department of Life and Death
生死學系殯葬服務組	Department of Life and Death Funeral Services Section
生死學系社會工作組	Department of Life and Death Social Work Group
生死學系諮商組	Department of Life and Death Consultation Group
生死與健康心理諮商系	Department of Psychological Counseling on Life, Death and Health
生活保健科技系	Department of Life and Health Technology
生活創意設計系	Department of Lifestyle Creative Design
生活應用科學系	Department of Life Applied Sciences
生活應用與保健系	Department of Life Application and Health Care
生活服務產業系	Department of Life Service Industry
生活產品設計系	Department of Lifestyle Product Design
生物事業管理學系	Department of Biotechnology Management
生物事業管理學系【外加】	Department of Bio-Business Management【Additional】
生物學系	Department of Biology
生物技術系	Department of Biotechnology
生物技術與動物科學系	Department of Biotechnology and Animal Sciences
生物機電工程學系	Department of Biomechanical Engineering
生物機電工程系	Department of Biomechanical Engineering
生物環境系統工程學系	Department of Bioenvironmental Systems Engineering
生物產業傳播暨發展學系	Department of Bioindustry Communication and Development
生物產業機電工程學系	Department of Bio-Industrial Mechanical and Electrical Engineering
生物產業機電工程學系【外加】	Department of Bio-Industrial Mechanical and Electrical Engineering【Additional】
生物科學系	Department of Biological Sciences
生物科學系英語組	English Section, Department of Biological Sciences
生物科技學士學位學程	Bachelor's Degree Program in Biotechnology
生物科技學系	Department of Biotechnology
生物科技學系(乙組)	Department of Biotechnology (Group B)
生物科技學系(桃園校區)	Department of Biotechnology (Taoyuan Campus)
生物科技學系(甲組)	Department of Biotechnology (Group A)
生物科技學系(醫藥應用組)	Department of Biotechnology (Pharmaceutical Application Group)
生物科技學系乙組	Department of Biotechnology Group B
生物科技學系生物和檢測組	Biology and Detection Group, Department of Biotechnology
生物科技學系生物醫學組(桃園校區)	Biomedical Sciences Group, Department of Biotechnology (Taoyuan Campus)
生物科技學系生物醫藥組	Biomedicine Group, Department of Biotechnology
生物科技學系甲組	Department of Biotechnology Group A
生物科技學系食品生技組	Food Biotechnology Group, Department of Biotechnology
生物科技學系食品生技組(桃園校區)	Food Biotechnology Group, Department of Biotechnology (Taoyuan Campus)
生物科技學系（桃園）	Department of Biotechnology (Taoyuan)
生物科技暨製藥技術系	Department of Biotechnology and Pharmaceutical Technology
生物科技系	Department of Biotechnology
生物科技系(農業生技管理組)	Department of Biotechnology (Agricultural Biotechnology Management Group)
生物科技系化妝品生技組	Department of Biotechnology Cosmetic Biotechnology Group
生物科技系生物科	Department of Biotechnology, Department of Biology
生物科技系生物科技組	Biotechnology Group, Department of Biotechnology
生物科技與產業科學系	Department of Biotechnology and Industrial Sciences
生物科技與綠色產業系	Department of Biotechnology and Green Industry
生物與食品科技系	Department of Biology and Food Technology
生物資源學系	Department of Bioresources
生物資源學系(醫藥微生物組)	Department of Bioresources (Medical Microbiology)
生物資源系	Department of Biological Resources
生物資源系(生態經營生物組)	Department of Biological Resources (Ecological Management Biology Group)
生物資訊學系	Department of Bioinformatics
生物資訊學系(基因科技組)	Department of Bioinformatics (Gene Technology Group)
生物資訊學系(生醫大數據組)	Department of Bioinformatics (Biomedical Big Data Group)
生物資訊與醫學工程學系	Department of Bioinformatics and Medical Engineering
生物資訊與醫學工程學系(生醫資訊組)	Department of Bioinformatics and Medical Engineering (Biomedical Information Group)
生物資訊與醫學工程學系(醫學工程組)	Department of Bioinformatics and Medical Engineering (Medical Engineering Group)
生物資訊與醫學工程學系【外加】	Department of Bioinformatics and Medical Engineering [Additional]
生物農業科技學系	Department of Bioagricultural Science and Technology
生物醫學工程學系	Department of Biomedical Engineering
生物醫學工程學系乙組	Department of Biomedical Engineering Group B
生物醫學工程學系人工智慧醫療組(桃園	Artificial Intelligence Medical Group, Department of Biomedical Engineering (Taoyuan
生物醫學工程學系專利醫材法規組(桃園	Patent Medical Materials Regulation Group, Department of Biomedical Engineering (Taoyuan
生物醫學工程學系專利醫材組	Department of Biomedical Engineering Patented Medical Materials Group
生物醫學工程學系專利醫材組(桃園校	Patented Medical Materials Group, Department of Biomedical Engineering (Taoyuan Campus
生物醫學工程學系智慧醫療應用組	Smart Medical Application Group, Department of Biomedical Engineering
生物醫學工程學系智慧醫療組	Smart Medical Group, Department of Biomedical Engineering
生物醫學工程學系智慧醫療組(桃園校	Smart Healthcare Group, Department of Biomedical Engineering (Taoyuan Campus
生物醫學工程學系生醫技術應用組	Biomedical Technology Application Group, Department of Biomedical Engineering
生物醫學工程學系生醫技術組	Biomedical Technology Group, Department of Biomedical Engineering
生物醫學工程學系甲組	Department of Biomedical Engineering Group A
生物醫學工程學系（桃園）	Department of Biomedical Engineering (Taoyuan)
生物醫學工程系	Department of Biomedical Engineering
生物醫學影像暨放射科學學系	Department of Biomedical Imaging and Radiological Sciences
生物醫學影像暨放射科學系	Department of Biomedical Imaging and Radiation Sciences
生物醫學影像暨放射科學系【外加】	Department of Biomedical Imaging and Radiation Sciences [Additional]
生物醫學暨工程學系	Department of Biomedicine and Engineering
生物醫學暨環境生物學系	Department of Biomedicine and Environmental Biology
生物醫學科學學系	Department of Biomedical Sciences
生物醫學科學學系【外加】	Department of Biomedical Sciences【Additional】
生物醫學科學系	Department of Biomedical Sciences
生物醫學科技學系全英語學士班生物醫	Department of Biomedical Technology Bachelor's Degree in English
生物醫學科技學系全英語學士班生醫工	Department of Biomedical Technology Bachelor's Degree in English
生物醫學系	Department of Biomedicine
生物醫學系(檢驗醫學組)	Department of Biomedicine (Laboratory Medicine Group)
生物醫學系(生物醫藥組)	Department of Biomedicine (Biomedicine Group)
生物醫學系(醫藥檢驗管理組)	Department of Biomedicine (Pharmaceutical Inspection Management Group)
生資醫學工程系	Department of Biomedical Engineering
生資醫學工程系(生醫資訊組)	Department of Biomedical Engineering (Biomedical Information Group)
生資醫學工程系(醫學工程組)	Department of Biomedical Engineering (Medical Engineering Group)
生醫工程與環境科學系	Department of Biomedical Engineering and Environmental Sciences
生醫科學與工程學系	Department of Biomedical Sciences and Engineering
產業經濟學系	Department of Industrial Economics
畜產與生物科技學系	Department of Animal Husbandry and Biotechnology
畜產與生物科技學系(A組)	Department of Animal Science and Biotechnology (Group A)
畜產與生物科技學系(B組)	Department of Animal Husbandry and Biotechnology (Group B)
真理大學	university of truth
社工系	Department of Social Work
社工系(心理與家庭社工組)	Department of Social Work (Psychology and Family Social Work Group)
社工系(醫務社工與長照組)	Department of Social Work (Medical Social Work and Long-term Care Team)
社工系(醫務與長照社工組)	Department of Social Work (Medical and Long-term Care Social Work Section)
社會學暨社會工作學系	Department of Sociology and Social Work
社會學系	Department of Sociology
社會學系【外加】	Department of Sociology【Additional】
社會工作學償(連江公費生)	Social work scholarship (Lianjiang government-funded students)
社會工作學士學位學程	Bachelor's Degree in Social Work
社會工作學系	Department of Social Work
社會工作學系(A組)	Department of Social Work (Group A)
社會工作學系(B組)	Department of Social Work (Group B)
社會工作學系(C組)	Department of Social Work (Group C)
社會工作學系(兒少家庭與心衛社工組)	Department of Social Work (Children, Family and Mental Health Social Work Group)
社會工作學系(兒少與家庭社工組)	Department of Social Work (Child, Child and Family Social Work Section)
社會工作學系(社工心理組)	Department of Social Work (Social Work Psychology Group)
社會工作學系(社工心理雙專業組)	Department of Social Work (Double Major Group in Social Work Psychology)
社會工作學系(臺北校區)	Department of Social Work (Taipei Campus)
社會工作學系(臺北校區)【外加】	Department of Social Work (Taipei Campus) [Additional]
社會工作學系(醫務社工與長期照顧雙專	Department of Social Work (Double Major in Medical Social Work and Long-term Care
社會工作學系(醫務與心衛社工組)	Department of Social Work (Medical and Psychological Social Work Section)
社會工作學系(醫務與長期照顧社工組)	Department of Social Work (Medical and Long-term Care Social Work Section)
社會工作學系社工心理雙專業組	Social Work Psychology Double Major Group, Department of Social Work
社會工作學系醫務社工與長期照顧雙專業組	Medical Social Work and Long-term Care Dual Professional Group, Department of Social Work
社會工作學銷(連江公費生)	Social work scholarship (Lianjiang government-funded students)
社會工作學銷(願景旨)	Social Work Marketing (Vision Aim)
社會工作系	Department of Social Work
社會工作系(兒少家庭服務組)	Department of Social Work (Child and Child Family Services Section)
社會工作系(高齡福利服務組)	Department of Social Work (Elderly Welfare Services Section)
社會工作與兒童少年福利學系	Department of Social Work and Child and Adolescent Welfare
社會工作與兒童少年福利學系【外加】	Department of Social Work and Child and Adolescent Welfare [Additional]
社會工作與服務管理系	Department of Social Work and Service Management
社會心理學系	Department of Social Psychology
社會政策與社會工作學系	Department of Social Policy and Social Work
社會教育學系	Department of Social Education
社會暨公共事務學系	Department of Social and Public Affairs
社會暨政策科學學系	Department of Social and Policy Sciences
社會發展學系	Department of Social Development
社會發展學系【外加】	Department of Social Development【Additional】
社會福利學系	Department of Social Welfare
社會與區域發展學系	Department of Social and Regional Development
福祉科技與服務管理系	Department of Welfare Technology and Service Management
科學傳播學系	Department of Science Communication
科學教育與應用學系	Department of Science Education and Applied Studies
科學教育與應用學系(自費)	Department of Science Education and Applied Studies (self-funded)
科技學院學士班	Bachelor's degree at the Institute of Science and Technology
科技應用與人力資源發展學系	Department of Science and Technology Application and Human Resources Development
科技應用與人資發展系	Department of Technology Application and Human Resources Development
科技應用與人資發展系(自費)	Department of Technology Application and Human Resources Development (self-funded)
科技管理學系	Department of Science and Technology Management
科技管理學院學士班	Bachelor's Degree, College of Science and Technology Management
科技與人資發展系	Department of Technology and Human Resources Development
科技與人資發展系(公費)臺南	Department of Technology and Human Resources Development (Publicly Funded) Tainan
科教與應用系	Department of Science, Education and Application
科教與應用系(公費)-限原民	Department of Science, Education and Application (Publicly Funded)-Aborigines only
科普傳播學系	Department of Popular Science Communication
稻江科技暨管理學院	Daojiang College of Science and Technology and Management
空間設計學系	Department of Space Design
空間設計學系(室內設計組)	Department of Space Design (Interior Design Group)
空間設計學系(建築組)	Department of Space Design (Architecture Group)
空間設計學系室內設計組	Interior Design Group, Department of Space Design
空間設計學系建築組	Department of Space Design Architecture Group
空間設計系	Department of Space Design
競技與運動科學學系	Department of Athletics and Sports Science
竹師教育學院	bamboo teacher education college
竹師教育學院(永續發展組)	Zhu Shi Education College (Sustainable Development Section)
竹師教育學院(雙專長組)	Bamboo Teachers College of Education (Dual Specialty Group)
竹師教育學院學士班	Bachelor's degree at Zhushi Education College
竹師教育學院學士班乙組(永續發展教育	Group B, Bachelor's Degree, Zhushi Education College (Sustainable Development Education
竹師教育學院學士班乙組(永續發展教育組)	Group B of Bachelor's Program of Zhushi Education College (Sustainable Development Education Group)
竹師教育學院學士班甲組(雙專長組)	Group A of Bachelor’s Class of Zhushi Education College (Double Specialty Group)
竹師教育學院甲組(雙專長組)	Zhushi Education College Group A (Double Specialty Group)
管理學士班	Bachelor of Management
管理學系	Department of Management
管理學系(休閒事業管理組)	Department of Management (Leisure Business Management Group)
管理學系(經營管理組)	Department of Management (Business Management Section)
管理學系(行銷與休閒管理組)	Department of Management (Marketing and Leisure Management Group)
管理學系(行銷與創業組)	Department of Management (Marketing and Entrepreneurship Group)
管理學院國際企業學位學程	School of Management International Business Degree Program
管理學院國際企業學士學位學程	School of Management International Business Bachelor's Degree Program
管理學院學士班	Bachelor's degree at the School of Management
管理學院學士班(主修：企業管理)	Bachelor's degree at the School of Management (Major: Business Management)
管理學院學士班(主修：國際企業)	Bachelor's Degree, School of Management (Major: International Enterprise)
管理學院學士班(主修：國際企業管理)	Bachelor's degree at the School of Management (Major: International Business Management)
管理學院學士班(主修：數位行銷與人力	Bachelor's Degree, School of Management (Major: Digital Marketing and Human Resources
管理學院學士班(主修：會計)	Bachelor's degree at the School of Management (Major: Accounting)
管理學院學士班(主修：財務金融)	Bachelor's degree at the School of Management (Major: Finance)
管理學院學士班(主修：財務金融)【外加】	Bachelor's degree class in the School of Management (Major: Finance) [Additional]
管理學院學士班(主修：財務金融A組)	Bachelor's degree class in the School of Management (major: Finance Group A)
管理學院學士班(主修：財務金融B組)	Bachelor's degree class in the School of Management (Major: Finance Group B)
管理學院學士班(主修：財務金融C組)	Bachelor's degree class in the School of Management (Major: Finance Group C)
管理學院學士班(企業管理)	Bachelor's Degree from the School of Management (Business Management)
管理學院學士班(國際企業)	Bachelor's Degree, School of Management (International Enterprise)
管理學院學士班(英語專班)	Bachelor's degree program in the School of Management (English specialization)
管理學院學士班(財務金融)	Bachelor's Degree, School of Management (Finance)
管理學院數位行銷與服務創新國際學士	International Bachelor of Digital Marketing and Service Innovation, School of Management
管理學院會計與資訊管理國際學士班	School of Management International Bachelor's Program in Accounting and Information Management
管理學院會計與資訊管理國際學士班智	School of Management International Bachelor of Accounting and Information Management Panchi
管理學院會計與資訊管理國際學士班會	School of Management International Bachelor’s Class Meeting in Accounting and Information Management
管理學院管理科學與財金國際學士學位	School of Management International Bachelor's Degree in Management Sciences and Finance
管理學院管理科學與財金國際學士學位學程	School of Management International Bachelor's Degree in Management Sciences and Finance
管理學院管科與財金學位學程	School of Management Management and Finance Degree Program
管理學院運動與健康促進管理學士學位	Bachelor of Sports and Health Promotion Management, School of Management
管理科學學系	Department of Management Science
管理科學學系(事業經營組)	Department of Management Science (Business Management Section)
管理科學學系(企業經營與行銷流通組)	Department of Management Science (Business Management and Marketing and Distribution Group)
管理科學學系(大數據資料分析應用組)	Department of Management Science (Big Data Analysis and Application Group)
管理科學學系(行銷與流通管理組)	Department of Management Science (Marketing and Distribution Management Group)
管理科學系	Department of Management Science
管理科學系(社會組)	Department of Management Science (Social Group)
管理科學系(自然組)	Department of Management Science (Natural Group)
管理科學系(行銷流通管理組)	Department of Management Science (Marketing and Distribution Management Group)
精密機械與工業工程系	Department of Precision Machinery and Industrial Engineering
精密系統設計學士學位學程	Bachelor's Degree in Precision Systems Design
精準醫學暨健康科技學士學位學程	Bachelor's Degree in Precision Medicine and Health Technology
精緻農業學系	Department of Precision Agriculture
系統及船舶機電工程學系	Department of Systems and Marine Electrical and Mechanical Engineering
系統工程暨造船學系	Department of Systems Engineering and Naval Architecture
紡織工程學系	Department of Textile Engineering
紡織科技創新與應用工程學系	Department of Textile Technology Innovation and Applied Engineering
紫荊不分系學士學位學程	Bauhinia bachelor's degree program regardless of department
紫荊不分系學士學位學程乙組	Bauhinia Bachelor's Degree Program Group B regardless of department
紫荊不分系學士學位學程甲組	Bauhinia Bachelor's Degree Program Group A regardless of department
統計學系	Department of Statistics
統計學系(A組)	Department of Statistics (Group A)
統計學系(B組)	Department of Statistics (Group B)
統計學系(巨量資料管理組)	Department of Statistics (Massive Data Management Group)
統計學系(決策管理組)	Department of Statistics (Decision Management Group)
統計學系(社會組)	Department of Statistics (Social Group)
統計學系(自然組)	Department of Statistics (Natural Group)
統計學系【外加】	Department of Statistics【Additional】
統計學系商業大數據組	Department of Statistics Business Big Data Group
統計學系大數據分析與市場決策組	Big data analysis and market decision-making group of the Department of Statistics
統計學系社會組	Department of Statistics Social Group
統計學系自然組	Department of Statistics Natural Group
統計系數據分析與市場決策組	Department of Statistics Data Analysis and Market Decision Group
統計與資料科學學系	Department of Statistics and Data Science
統計資訊學系	Department of Statistics and Informatics
統計資訊與精算學系	Department of Statistics and Actuarial Science
統計資訊與精算學系【外加】	Department of Statistics and Actuarial Science [Additional]
統計資訊與精算系大數據組	Big Data Group, Department of Statistics and Actuarial Science
統計資訊與精算系統計精算組	Statistical Information and Actuarial Systems Actuarial Section
經國管理暨健康學院	Ching Kwok School of Management and Health
經濟學系	Department of Economics
經濟學系(A組)	Department of Economics (Group A)
經濟學系(B組)	Department of Economics (Group B)
經濟學系(社會組)	Department of Economics (Social Group)
經濟學系(自然組)	Department of Economics (Natural Group)
經濟學系A組	Department of Economics Group A
經濟學系B組	Department of Economics Group B
經濟學系【外加】	Department of Economics【Additional】
經濟學系一般經濟組	Department of Economics, General Economics Group
經濟學系產業經濟組	Industrial Economics Group, Department of Economics
經濟學系第1組	Department of Economics Group 1
經濟學系第2組	Department of Economics Group 2
經濟與金融學系	Department of Economics and Finance
經濟與金融學系應用經濟組	Applied Economics Group, Department of Economics and Finance
經濟與金融學系產業經濟組(桃園校區)	Industrial Economics Group, Department of Economics and Finance (Taoyuan Campus)
經濟與金融學系產業經濟組（桃園）	Industrial Economics Group, Department of Economics and Finance (Taoyuan)
經濟與金融學系金融理財組	Financial Management Group, Department of Economics and Finance
經濟與金融學系金融理財組(桃園校區)	Financial Management Group, Department of Economics and Finance (Taoyuan Campus)
經濟與金融學系金融理財組（桃園）	Financial Management Group, Department of Economics and Finance (Taoyuan)
經營管理學士學位學程	Bachelor's Degree in Business Administration
經營管理學系	Department of Business Administration
經營管理學系(休閒遊憩管理組)	Department of Business Administration (Leisure and Recreation Management Group)
經營管理學系(國際企業管理組)	Department of Business Administration (International Business Management Group)
經營管理學系(行銷管理組)	Department of Business Administration (Marketing Management Group)
經營管理學系(行銷與企業管理組)	Department of Business Administration (Marketing and Business Management Group)
經營管理學系國際企業管理組	International Business Management Group, Department of Business Administration
經營管理學系行銷管理組	Marketing Management Group, Department of Business Administration
經營管理系	Department of Business Administration
經營管理系(企業創新管理組)	Department of Business Administration (Enterprise Innovation Management Group)
經營管理系(國際企業管理組)	Department of Business Administration (International Business Management Group)
經營與管理學系	Department of Business and Management
綠能與環境資源學系	Department of Green Energy and Environmental Resources
綠能與環境資源學系(社會組)	Department of Green Energy and Environmental Resources (Social Group)
綠能與環境資源學系(自然組)	Department of Green Energy and Environmental Resources (Natural Group)
綠能與環境資源學系綠能產業實習組	Green Energy Industry Internship Group, Department of Green Energy and Environmental Resources
綠能與環境資源學系綠能產業管理組	Green Energy Industry Management Group, Department of Green Energy and Environmental Resources
綠能與資訊科技學系	Department of Green Energy and Information Technology
綠色能源科技學系	Department of Green Energy Technology
綠色與資訊科技學士學位學程	Bachelor's Degree in Green and Information Technology
縱谷跨域書院學士學位學程	Rift Valley Interdisciplinary College Bachelor's Degree Program
織品服裝學系	Department of Textiles and Clothing
織品服裝學系服飾設計組	Fashion Design Group, Department of Textiles and Fashion
織品服裝學系織品服飾行銷組	Textile and Apparel Marketing Group, Department of Textile and Apparel Studies
織品服裝學系織品設計組	Textile Design Group, Department of Textiles and Fashion
纖維與複合材料學系	Department of Fibers and Composite Materials
美和科技大學	Meihe University of Science and Technology
美容流行設計系	Department of Beauty and Fashion Design
美容系	Beauty Department
美容系保健造型設計組	Beauty and health styling design team
美容系寵物美容設計組	Beauty Department Pet Beauty Design Group
美容美髮造型設計系	Department of Beauty and Hairstyling Design
美容與造型系	Department of Beauty and Styling
美容造型設計系	Department of Beauty and Styling Design
美術學系	Department of Fine Arts
美術學系【外加】	Department of Fine Arts【Additional】
美術學系國畫組	Chinese Painting Group, Department of Fine Arts
美術學系水墨畫組	Ink Painting Group, Department of Fine Arts
美術學系繪畫組	Painting Group, Department of Fine Arts
美術學系西畫組	Western Painting Group, Department of Fine Arts
美術工藝系	Department of Arts and Crafts
美術產業學系	Department of Art Industry
美術系	Department of Fine Arts
美髮設計與經營學士學位學程	Bachelor's Degree in Hairdressing Design and Management
美髮設計與經營系	Department of Hairdressing Design and Management
美髮造型設計系	Department of Hairdressing and Styling
義大利語文學系	Department of Italian Language and Literature
義守大學	I-Shou University
翻譯學系	Department of Translation Studies
翻譯學系A組	Department of Translation Studies Group A
翻譯學系B組	Department of Translation Studies Group B
翻譯系	Department of Translation
老人服務事業管理系	Department of Elderly Service Management
老人服務事業系	Department of Elderly Services
老人照顧系	Department of Elderly Care
老人福利與長期照顧事業系	Department of Elderly Welfare and Long-term Care
聖母醫護管理專科學校	Notre Dame College of Healthcare Management
聖約翰科技大學	St. John's University of Science and Technology
職業安全與衛生學系	Department of Occupational Safety and Health
職業安全與衛生學系(社會組)	Department of Occupational Safety and Health (Social Section)
職業安全與衛生學系(自然組)	Department of Occupational Safety and Health (Natural Group)
職業安全與衛生學系職場健康促進管理組	Department of Occupational Safety and Health Workplace Health Promotion Management Group
職業安全與衛生學系職業安全組	Occupational Safety Section, Department of Occupational Safety and Health
職業安全與衛生學系職業安全衛生管理組	Occupational Safety and Health Management Group, Department of Occupational Safety and Health
職業安全與衛生學系職業衛生組	Occupational Health Section, Department of Occupational Safety and Health
職業安全衛生學系	Department of Occupational Safety and Health
職業安全衛生學系【外加】	Department of Occupational Safety and Health【Additional】
職業安全衛生系	Department of Occupational Safety and Health
職能治療學系	Department of Occupational Therapy
職能治療學系A組	Department of Occupational Therapy Group A
職能治療學系B組	Department of Occupational Therapy Group B
聽力暨語言治療學系	Department of Hearing and Speech Therapy
聽力暨語言治療學系聽力組	Hearing Section, Department of Hearing and Speech Therapy
聽力暨語言治療學系語言組	Language Section, Department of Hearing and Speech Therapy
育達科技大學	Yuda University of Science and Technology
能源工程學系	Department of Energy Engineering
能源與冷凍空調工程系	Department of Energy and Refrigeration and Air Conditioning Engineering
臨床心理學系	Department of Clinical Psychology
臨床心理學系【外加】	Department of Clinical Psychology【Additional】
自動化工程系	Department of Automation Engineering
自動化工程系航空智慧製造組	Aviation Smart Manufacturing Group, Department of Automation Engineering
自動化控制系	Automation control department
自動控制工程學系	Department of Automatic Control Engineering
自動控制工程學系乙組	Group B, Department of Automatic Control Engineering
自動控制工程學系甲組	Department of Automatic Control Engineering Group A
自然生物科技學系	Department of Natural Biotechnology
自然生物科技學系生技療癒組	Biotechnology Healing Group, Department of Natural Biotechnology
自然科學教育學系	Department of Natural Science Education
自然科學教育學系(女)	Department of Natural Science Education (Female)
自然科學教育學系(男)	Department of Natural Science Education (Male)
自然科學教育學系(自費)(女)	Department of Natural Science Education (self-funded) (female)
自然科學教育學系(自費)(男)	Department of Natural Science Education (self-financed) (Male)
自然科學教育系(公費)-臺中	Department of Natural Science Education (Publicly Funded)-Taichung
自然資源與環境學系	Department of Natural Resources and Environmental Studies
自然資源與環境學系【外加】	Department of Natural Resources and Environmental Studies [Additional]
自然資源與環境學系地球科	Department of Natural Resources and Environment, Department of Earth Sciences
自然資源與環境學系地球科學組	Earth Sciences Group, Department of Natural Resources and Environment
自然資源與環境學系環境管理與環境教	Department of Natural Resources and Environment Environmental Management and Environmental Education
自然資源與環境學系生態與保育組	Ecology and Conservation Section, Department of Natural Resources and Environment
致理科技大學	Chili University of Science and Technology
臺北城市科技大學	Taipei City University of Science and Technology
臺北市立大學	Taipei City University
臺北醫學大學	Taipei Medical University
臺灣文化學系	Department of Taiwanese Culture
臺灣語文學系	Department of Taiwanese Language and Literature
臺灣語文與傳播學系	Department of Chinese Language and Communication Studies, Taiwan
航太與系統工程學系	Department of Aerospace and Systems Engineering
航海系	Nautical Department
航海系（士林校區）	Department of Navigation (Shilin Campus)
航空事業學系	Department of Aviation Engineering
航空光機電系	Department of Aviation Optoelectronics
航空光機電系航空機械組	Aviation Mechanical Group, Department of Aviation Optoelectronics
航空光機電系航空科	Aviation Section, Department of Aviation Optoelectronics
航空光機電系航空科技組	Aviation Technology Group, Department of Aviation Optoelectronics
航空太空工程學系	Department of Aerospace Engineering
航空暨運輸服務管理系	Department of Aviation and Transportation Services Management
航空暨運輸服務管理系國際服務組	International Services Group, Department of Aviation and Transportation Services Management
航空服務管理系	Department of Aviation Service Management
航空服務管理系（台北校區）	Department of Aviation Service Management (Taipei Campus)
航空服務管理系（新竹校區）	Department of Aviation Service Management (Hsinchu Campus)
航空機械系	Department of Aviation Machinery
航空機械系精密機械組	Precision Machinery Group, Department of Aeronautical Machinery
航空機械系航空維修組	Aviation Maintenance Group, Department of Aviation Mechanical Engineering
航空機械系（台北校區）	Department of Aviation Mechanical Engineering (Taipei Campus)
航空機械系（新竹校區）	Department of Aviation Mechanical Engineering (Hsinchu Campus)
航空運務系	Department of Air Transport
航空電子系	Department of Avionics
航空電子系（台北校區）	Department of Avionics (Taipei Campus)
航空電子系（新竹校區）	Department of Avionics (Hsinchu Campus)
航運技術系	Department of Shipping Technology
航運技術系（旗津校區）	Department of Shipping Technology (Cijin Campus)
航運管理學系	Department of Shipping Management
航運管理系	Department of Shipping Management
航運管理系（楠梓校區）	Department of Shipping Management (Nanzi Campus)
英國語文學系	Department of English Philology
英國語文系	Department of English Language and Literature
英文學系	Department of English Studies
英文學系【外加】	Department of English Literature【Additional】
英文學系全英語學士班	Department of English Studies All-English Bachelor’s Class
英美語文學系	Department of English and American Literature
英美語文學系【外加】	Department of English and American Literature【Additional】
英美語言文化學系全英語班	All-English classes in the Department of British and American Languages and Cultures
英語學系	Department of English Studies
英語學系(公費)-臺中市	Department of English (publicly funded)-Taichung City
英語學系(公費)-臺南市	Department of English Studies (publicly funded)-Tainan City
英語學系(公費)-高雄市	Department of English (publicly funded)-Kaohsiung City
英語學系(社會組)	Department of English Studies (Social Affairs Section)
英語學系(自然組)	Department of English Studies (Natural Group)
英語學系(自費)	Department of English (self-financed)
英語教學系	Department of English Teaching
英語教學系(公費)-新竹縣	Department of English Teaching (Publicly Funded)-Hsinchu County
英語教學系(自費)	Department of English Teaching (self-funded)
英語教學魚(公費生)	English teaching fish (publicly funded students)
英語暨傳播應用學系	Department of English and Communication Applied Studies
茶文化事業經營管理系	Department of Tea Culture Business Management
茶陶文創學士學位學程	Bachelor's Degree in Tea Ceramics and Creative Arts
華夏科技大學	Huaxia University of Science and Technology
華文文學系	Department of Chinese Literature
華語文學系	Department of Chinese Literature
華語文教學學系	Department of Chinese Language Teaching
華語文教學學系(桃園校區)	Department of Chinese Language Teaching (Taoyuan Campus)
華語文教學學系創新教學組	Innovative Teaching Group of the Department of Chinese Language Teaching
華語文教學學系應用語言組	Applied Language Group, Department of Chinese Language Teaching
華語文教學學系應用語言組(桃園校區)	Applied Language Group, Department of Chinese Language and Literature Teaching (Taoyuan Campus)
華語文教學學系應用語言組（桃園）	Applied Language Group, Department of Chinese Language Teaching (Taoyuan)
華語文教學學系雙語教學組(桃園)	Bilingual Teaching Group, Department of Chinese Language Teaching (Taoyuan)
華語文教學學系雙語教學組(桃園校區)	Bilingual Teaching Group, Department of Chinese Language and Literature Teaching (Taoyuan Campus)
華語文教學系	Department of Chinese Language Teaching
華語文教學系應用華語文學組	Applied Chinese Literature Group, Department of Chinese Language Teaching
萬能科技大學	Universal University of Science and Technology
藝形設計系	Department of Art and Design
藝形設計系藝術組(公費)高雄	Department of Art and Design Art Section (Publicly Funded) Kaohsiung
藝術創意產業學系	Department of Arts and Creative Industries
藝術創意產業學系【外加】	Department of Arts and Creative Industries【Additional】
藝術史學系	Department of Art History
藝術學院學士班	Bachelor of Arts College
藝術管理與藝術經紀系	Department of Art Management and Art Brokerage
藝術與設計學系	Department of Art and Design
藝術與設計學系創作組	Creative Group, Department of Art and Design
藝術與設計學系設計組	Design Group, Department of Art and Design
藝術與造形設計學系	Department of Art and Design
藝術與造形設計學系藝術組	Art Group, Department of Art and Plastic Design
藝術與造形設計學系設計組	Design Group, Department of Art and Plastic Design
藝術造形設計系	Department of Art and Design
藝術造形設計系藝術組(自費)	Art Group of the Department of Art and Design (self-funded)
藥學系	Department of Pharmacy
藥學系【外加】	Department of Pharmacy【Additional】
藥學系臨床藥學組	Clinical Pharmacy Group, Department of Pharmacy
藥學系藥學組	Pharmacy Group, Department of Pharmacy
藥學系藥學組(英語組)	Pharmacy Section (English Section), Department of Pharmacy
藥學系藥學組【外加】	Pharmacy Group, Department of Pharmacy [Additional]
藥用化妝品學系	Department of Medicinal and Cosmetic Sciences
藥用化妝品學系【外加】	Department of Medicinal and Cosmetic Sciences【Additional】
藥用植物保健系	Department of Medicinal Plants and Health Care
藥用植物保健系(中藥保健組)	Department of Medicinal Plant Health Care (TCM Health Care Group)
藥用植物保健系(藥粧經絡組)	Medicinal Plant Health Care Department (Cosmeceutical Meridian Group)
藥用植物與保健學系	Department of Medicinal Plants and Health Sciences
藥用植物與保健學系(中藥保健組)	Department of Medicinal Plants and Health Care (TCM Health Care Group)
藥用植物與保健學系(藥粧經絡組)	Department of Medicinal Plants and Health Sciences (Cosmeceutical Meridian Group)
藥用植物與保健應用學士學位學程	Bachelor's Degree Program in Medicinal Plants and Health Care Applications
藥用植物與食品保健學系	Department of Medicinal Plants and Food Health Sciences
藥用植物與食品保健學系(中藥保健組)	Department of Medicinal Plants and Food Health Care (TCM Health Care Group)
藥用植物與食品保健學系(藥粧保健組)	Department of Medicinal Plants and Food and Health Care (Cosmeceutical and Health Care Group)
藥用植物與食品保健學系(食品科學組)	Department of Medicinal Plants and Food Health Sciences (Food Science Group)
藥用植物與食品保健學系(食藥生技組)	Department of Medicinal Plants and Food Health Science (Food, Drug and Biotechnology Group)
藥粧生技產業學士學位學程	Bachelor's Degree Program in Cosmeceutical and Biotechnology Industry
藥粧生技產業系	Department of Cosmeceutical and Biotechnology Industry
蘭花產業應用學士學位學程	Orchid Industry Applied Bachelor's Degree Program
蘭花產業應用學士學位學程(蘭花國際行	Orchid Industry Applied Bachelor's Degree Program (Orchid International
蘭花產業應用學士學位學程(蘭花生技	Orchid Industry Applied Bachelor's Degree Program (Orchid Technology
蘭花產業應用學士學位學程蘭花國際行銷組	Bachelor of Applied Orchid Industry Orchid International Marketing Group
蘭花產業應用學士學位學程蘭花生技組	Orchid Industry Applied Bachelor's Degree Orchid Technology Group
蘭花產業應用學程	Orchid Industry Applied Course
蘭花產業應用學程(創意組)	Orchid Industry Applied Studies (Creative Group)
蘭花產業應用學程(生技組)	Orchid Industry Applied Studies (Biotechnology Section)
蘭花產業應用學程(行銷組)	Orchid Industry Applied Course (Marketing Group)
行動商務多媒體系	Department of Mobile Business Multimedia
行動商務多媒體系(商務組)	Department of Mobile Commerce Multimedia (Business Group)
行動商務多媒體系(多媒體組)	Department of Mobile Commerce Multimedia (Multimedia Group)
行動商務與多媒體應用學系	Department of Mobile Commerce and Multimedia Applications
行動商務與多媒體應用學系(多媒體應用	Department of Mobile Commerce and Multimedia Applications (Multimedia Applications
行動商務與多媒體應用學系(行動商務	Department of Mobile Commerce and Multimedia Applications (Mobile Commerce
行動商務與多媒體應用學系多媒體應用組	Multimedia Application Group, Department of Mobile Commerce and Multimedia Applications
行動商務與多媒體應用學系行動商務組	Mobile Commerce Group, Department of Mobile Commerce and Multimedia Applications
行動商務與多媒體應用系	Department of Mobile Commerce and Multimedia Applications
行動科技學系	Department of Mobile Technology
行動科技應用系	Department of Mobile Technology Applications
行政管理學系	Department of Administration
行政管理學系【外加】	Department of Administration【Additional】
行政管理暨政策學系	Department of Administration and Policy
行政管理暨政策學系【外加】	Department of Administration and Policy [Additional]
行銷學士學位學程	Bachelor's Degree in Marketing
行銷學系	Department of Marketing
行銷管理學系	Department of Marketing Management
行銷管理學系(高雄校區)	Department of Marketing Management (Kaohsiung Campus)
行銷管理學系創客企劃組(高雄校區)	Maker Planning Group, Department of Marketing Management (Kaohsiung Campus)
行銷管理學系數位行銷與市調組(高雄校	Marketing and Market Research Group, Department of Marketing Management (Kaohsiung Campus
行銷管理學系數位行銷與市調組(高雄校區)	Marketing and Marketing Section, Department of Marketing Management (Kaohsiung Campus)
行銷管理學系雲端電商組(高雄校區)	Cloud E-commerce Group, Department of Marketing Management (Kaohsiung Campus)
行銷管理學系電商百貨管理組(高雄校	E-commerce Department Store Management Group, Department of Marketing Management (Kaohsiung Campus
行銷管理學系電商百貨管理組(高雄校區)	E-commerce Department Store Management Group, Department of Marketing Management (Kaohsiung Campus)
行銷管理系	Department of Marketing Management
行銷管理系創客企劃組(高雄)	Marketing Management Department Maker Planning Group (Kaohsiung)
行銷管理系國際會展與觀光休閒組	International Convention, Exhibition, Tourism and Leisure Group, Department of Marketing Management
行銷管理系數位行銷與市調組	Marketing Management Department Marketing and Market Research Group
行銷管理系百貨服務業管理組	Department Store Service Industry Management Group, Department of Marketing Management
行銷管理系觀光與會展組	Tourism and Exhibition Group, Department of Marketing Management
行銷與數位經營管理學系	Department of Marketing and Digital Business Management
行銷與服務管理系	Department of Marketing and Service Management
行銷與流通管理學系	Department of Marketing and Distribution Management
行銷與流通管理學系【外加】	Department of Marketing and Distribution Management【Additional】
行銷與流通管理科	Marketing and Distribution Management Section
行銷與流通管理系	Department of Marketing and Distribution Management
行銷與流通管理系休閒事業組	Leisure Business Group, Department of Marketing and Distribution Management
行銷與流通管理系視覺傳達行銷組	Visual Communication Marketing Group, Department of Marketing and Distribution Management
行銷與流通管理系運動行銷組	Sports Marketing Group, Department of Marketing and Distribution Management
行銷與流通管理系（台北校區）	Department of Marketing and Distribution Management (Taipei Campus)
行銷與流通管理系（新竹校區）	Department of Marketing and Distribution Management (Hsinchu Campus)
行銷與流通管理系（第一校區）	Department of Marketing and Distribution Management (First Campus)
行銷與流通管理系（臺北校區）	Department of Marketing and Distribution Management (Taipei Campus)
行銷與物流管理系	Department of Marketing and Logistics Management
行銷與管理學系	Department of Marketing and Management
行銷與觀光管理學系	Department of Marketing and Tourism Management
衛生福利學系	Department of Health and Welfare
表演藝術學士學位學程	Bachelor's Degree in Performing Arts
表演藝術系	Department of Performing Arts
表演藝術系（淡水校本部）	Department of Performing Arts (Tsui Main Campus)
製藥工程系	Department of Pharmaceutical Engineering
西洋語文學系	Department of Western Philology
西班牙語文學系	Department of Spanish Literature
西班牙語文學系【外加】	Department of Spanish Literature【Additional】
西班牙語文系	Department of Spanish Literature
西餐廚藝系	Department of Western Cuisine
視光學系	Department of Optometry
視光系	Department of Optometry
視覺傳達設計學系	Department of Visual Communication Design
視覺傳達設計學系(企業形象設計組)	Department of Visual Communication Design (Corporate Image Design Group)
視覺傳達設計學系(動態媒體組)	Department of Visual Communication Design (Dynamic Media Group)
視覺傳達設計學系(產業視覺設計組)	Department of Visual Communication Design (Industrial Visual Design Group)
視覺傳達設計學系(視覺設計組)	Department of Visual Communication Design (Visual Design Group)
視覺傳達設計學系廣告設計組	Advertising Design Group, Department of Visual Communication Design
視覺傳達設計學系數位媒體組	Department of Visual Communication Design Digital Media Group
視覺傳達設計系	Department of Visual Communication Design
視覺傳達設計系(動態媒體組)	Department of Visual Communication Design (Dynamic Media Group)
視覺傳達設計系(視覺設計組)	Department of Visual Communication Design (Visual Design Group)
視覺傳達設計系創意生活設計組	Creative Life Design Group, Department of Visual Communication Design
視覺傳達設計系動畫設計組	Department of Visual Communication Design Animation Design Group
視覺傳達設計系商業設計組	Commercial Design Group, Department of Visual Communication Design
視覺傳達設計系媒體設計組	Media Design Group, Department of Visual Communication Design
視覺傳達設計系平面媒體設計組	Graphic Media Design Group, Department of Visual Communication Design
視覺傳達設計系時尚工藝組	Visual Communication Design Department Fashion Crafts Group
視覺傳達設計系產業創新設計組	Industrial Innovation Design Group, Department of Visual Communication Design
視覺傳達設計系視覺設計組	Visual Design Group, Department of Visual Communication Design
視覺傳達設計系（台北校區）	Department of Visual Communication Design (Taipei Campus)
視覺傳達設計系（新竹校區）	Department of Visual Communication Design (Hsinchu Campus)
視覺傳達設計系（淡水校區）	Department of Visual Communication Design (Tsui Campus)
視覺傳達設計系（淡水校本部）	Department of Visual Communication Design (Tsui Campus)
視覺傳達設計系（臺北校區）	Department of Visual Communication Design (Taipei Campus)
視覺特效學士學位學程	Bachelor's Degree in Visual Effects
視覺特效學士學位學程(高雄校區)	Bachelor's Degree in Visual Effects (Kaohsiung Campus)
視覺特效學士學位學程影視視覺特效組	Bachelor's Degree in Visual Effects Film and Television Visual Effects Group
視覺特效學士學位學程遊戲視覺特效組	Bachelor's Degree in Visual Effects Game Visual Effects Group
視覺藝術學系	Department of Visual Arts
視覺藝術學系(公費)-臺中市	Department of Visual Arts (publicly funded)-Taichung City
視覺藝術學系(自費)	Department of Visual Arts (self-funded)
視覺藝術學系數位媒體設計組	Department of Visual Arts Digital Media Design Group
視覺藝術學系美術組	Art Section, Department of Visual Arts
視覺藝術學系造形藝術組	Plastic Arts Group, Department of Visual Arts
視覺藝術與設計學系	Department of Visual Arts and Design
視覺設計學系	Department of Visual Design
視訊傳播系	Department of Video Communication
視訊傳播設計系	Department of Video Communication Design
觀光事業學系	Department of Tourism Business
觀光事業學系(丙組)	Department of Tourism (Group C)
觀光事業學系(乙組)	Department of Tourism (Group B)
觀光事業學系(桃園校區)	Department of Tourism (Taoyuan Campus)
觀光事業學系(甲組)	Department of Tourism (Group A)
觀光事業學系【外加】	Department of Tourism Business【Additional】
觀光事業學系（桃園）	Department of Tourism (Taoyuan)
觀光事業學系（桃園）【外加】	Department of Tourism (Taoyuan) [Additional]
觀光事業管理系	Department of Tourism Management
觀光事業系	Department of Tourism
觀光事業系（台北校區）	Department of Tourism (Taipei Campus)
觀光休閒學系	Department of Tourism and Leisure Studies
觀光休閒管理系	Department of Tourism and Leisure Management
觀光休閒系	Department of Tourism and Leisure
觀光休閒與健康管理系	Department of Tourism, Leisure and Health Management
觀光休閒與健康系	Department of Tourism, Leisure and Health
觀光休閒與餐旅管理學系	Department of Tourism, Leisure and Hospitality Management
觀光休閒與餐旅管理學系觀光休閒組	Tourism and Leisure Group, Department of Tourism, Leisure and Hospitality Management
觀光休閒與餐旅管理學系餐旅管理組	Hospitality Management Group, Department of Tourism, Leisure and Hospitality Management
觀光休閒與餐旅管理系觀光組	Tourism Group, Department of Tourism, Leisure and Hospitality Management
觀光休閒與餐旅管理系餐旅組	Hospitality Group, Department of Tourism, Leisure and Hospitality Management
觀光學系	Department of Tourism
觀光學系乙組	Department of Tourism Group B
觀光學系旅遊暨休閒事業管理組	Tourism and Leisure Business Management Group, Department of Tourism
觀光學系甲組	Department of Tourism Group A
觀光學系觀光規劃暨資源管理組	Tourism Planning and Resource Management Group, Department of Tourism
觀光學系餐旅經營管理組	Department of Tourism, Hospitality Management Group
觀光學院學士班	Tourism College Bachelor's Class
觀光數位知識學系	Department of Tourism Digital Knowledge
觀光數位知識學系-社會組	Department of Tourism Digital Knowledge-Social Group
觀光數位知識學系-自然組	Department of Tourism Digital Knowledge-Nature Group
觀光數位知識學系旅館餐飲組	Department of Tourism and Digital Knowledge, Hotel and Catering Group
觀光數位知識學系餐旅資訊組	Hospitality and Tourism Information Group, Department of Tourism Digital Knowledge
觀光旅遊事業管理系	Department of Tourism and Tourism Management
觀光旅遊事業管理系（淡水校區）	Department of Tourism Management (Tamsui Campus)
觀光旅遊學系	Department of Tourism and Tourism
觀光旅遊管理系	Department of Tourism Management
觀光暨休閒遊憩學系	Department of Tourism, Leisure and Recreation
觀光會展系	Department of Tourism and Exhibition
觀光會展系旅遊與休閒管理組	Tourism and Leisure Management Group, Department of Tourism, Convention and Exhibition
觀光會展系會展與活動管理組	Exhibition and Event Management Group of Tourism, Exhibition Department
觀光管理學系	Department of Tourism Management
觀光管理學系(高雄校區)	Department of Tourism Management (Kaohsiung Campus)
觀光管理學系國際領隊與導遊組(高雄校	International Tour Leaders and Tour Guides Group, Department of Tourism Management (Kaohsiung Campus
觀光管理學系國際飯店暨會展管理組(高	Department of Tourism Management International Hotel and Convention and Exhibition Management Group (High School
觀光管理學系國際飯店暨會展管理組(高雄校區)	International Hotel and Exhibition Management Group, Department of Tourism Management (Kaohsiung Campus)
觀光管理學系境外日本實務組	Department of Tourism Management Overseas Japan Practice Group
觀光管理學系境外日本實務組(高雄校區)	Department of Tourism Management, Overseas Japanese Practice Group (Kaohsiung Campus)
觀光管理學系旅運事業組(高雄校區)	Tourism Business Group, Department of Tourism Management (Kaohsiung Campus)
觀光管理學系智慧旅遊暨多媒體組(高雄	Smart Tourism and Multimedia Group, Department of Tourism Management (Kaohsiung
觀光管理學系智慧旅遊暨多媒體組(高雄校區)	Smart Tourism and Multimedia Group, Department of Tourism Management (Kaohsiung Campus)
觀光管理學系特色民宿經營組(高雄校	Department of Tourism Management Specialty B&B Management Group (Kaohsiung Campus
觀光管理學系自然旅遊與運動觀光組(高	Department of Tourism Management, Nature Tourism and Sports Tourism Group (High School
觀光管理學系航空旅運組(舞蹈組)(高雄校區)	Department of Tourism Management Aviation Travel Group (Dance Group) (Kaohsiung Campus)
觀光管理學系航空旅運組(體育組)(高雄校區)	Department of Tourism Management, Aviation and Travel Group (Sports Group) (Kaohsiung Campus)
觀光管理學系航空旅運組(高雄校區)	Aviation and Travel Section, Department of Tourism Management (Kaohsiung Campus)
觀光管理系	Department of Tourism Management
觀光管理系國際領隊與導遊組	Department of Tourism Management International Tour Leaders and Tour Guides Group
觀光管理系國際飯店暨會展組	International Hotel and Convention and Exhibition Section, Department of Tourism Management
觀光管理系智慧旅遊多媒體組	Department of Tourism Management Smart Tourism Multimedia Group
觀光管理系民宿暨特色餐飲組	Department of Tourism Management B&B and Specialty Catering Group
觀光管理系航空旅運組(高雄)	Air Travel Group, Department of Tourism Management (Kaohsiung)
觀光管理系（燕巢校區）	Department of Tourism Management (Yanchao Campus)
觀光系	Department of Tourism
觀光系旅遊暨休閒事業管理組	Department of Tourism Tourism and Leisure Business Management Group
觀光系觀光規劃暨資源管理組	Department of Tourism Tourism Planning and Resource Management Group
觀光與休閒事業管理系	Department of Tourism and Leisure Business Management
觀光與休閒管理系	Department of Tourism and Leisure Management
觀光與會展活動學系	Department of Tourism and Exhibition Activities
觀光與會展活動學系旅遊與休閒管理組	Tourism and Leisure Management Group, Department of Tourism and Exhibition Activities
觀光與會展活動學系會展與活動管理組	Department of Tourism and Exhibition Events Exhibition and Event Management Group
觀光與生態旅遊系	Department of Tourism and Ecotourism
觀光與遊憩管理系	Department of Tourism and Recreation Management
觀光與餐旅管理系	Department of Tourism and Hospitality Management
觀光與餐飲旅館系	Department of Tourism, Catering and Hotels
觀光與餐飲管理學系	Department of Tourism and Catering Management
觀光與餐飲管理學系(觀光組)	Department of Tourism and Catering Management (Tourism Section)
觀光與餐飲管理學系(餐飲組)	Department of Tourism and Catering Management (Catering Section)
觀光英語系	Department of Tourism English
觀光遊憩系	Department of Tourism and Recreation
觀餐休閒與管理學院專班	Special class at the School of Dining, Leisure and Management
計量財務金融學系	Department of Quantitative Finance
計量財務金融學系乙組	Group B, Department of Quantitative Finance
計量財務金融學系甲組	Group A, Department of Quantitative Finance
討務金融學系(公司財務純	Department of Finance (Corporate Finance)
討務金融學系產業四垢組	Industrial Four Group, Department of Finance
討務金融學系金融理財組	Financial Management Group, Department of Finance
設計學系	Department of Design
設計學系產品設計組	Product Design Group, Department of Design
設計學系視覺設計組	Visual Design Group, Department of Design
設計系	Department of Design
設計系商業設計組	Department of Design, Commercial Design Group
設計系工業設計組	Industrial Design Group, Department of Design
設計行銷系	Department of Design and Marketing
語文學系	Department of Chinese Language and Literature
語文學系(應用英日語組)	Department of Chinese Language and Literature (Applied English and Japanese Group)
語文學系(歷史與文化傳播組)	Department of Chinese Language and Literature (History and Cultural Communication Group)
語文教育學系	Department of Chinese Education
語文與創作學系	Department of Chinese Language and Creative Writing
語文與創作學系文學創作組	Literary Creation Group, Department of Chinese Language and Creative Writing
語文與創作學系語文師資組	Chinese Teaching Group, Department of Chinese and Creative Studies
語言治療系	Department of Speech Therapy
語言治療與聽力學系	Department of Speech Therapy and Audiology
語言治療與聽力學系聽力組	Hearing Group, Department of Speech Therapy and Audiology
語言治療與聽力學系語言治療組	Speech Therapy Group, Department of Speech Therapy and Audiology
語言治療與聽力系語言治療組	Speech Therapy Group, Department of Speech Therapy and Hearing
諮商心理與人力資源發展學系終身學習	Department of Counseling Psychology and Human Resource Development Lifelong Learning
諮商心理與人力資源發展學系諮商心理	Department of Counseling Psychology and Human Resource Development Counseling Psychology
諮商心理與人資發展系	Department of Counseling Psychology and Human Resources Development
諮商心理與人資發展系諮商組	Counseling Group, Department of Counseling Psychology and Human Resources Development
諮商臨床與工商心理學系	Department of Counseling Clinical and Business Psychology
諮商臨床與工商心理學系(桃園校區)	Department of Counseling Clinical and Business Psychology (Taoyuan Campus)
諮商與人資發展系	Department of Counseling and Human Resources Development
諮商與人資發展系人資發展組	Human Resources Development Group, Department of Counseling and Human Resources Development
諮商與工商心理學系	Department of Counseling and Business Psychology
諮商與工商心理學系(桃園)	Department of Counseling and Business Psychology (Taoyuan)
諮商與工商心理學系(桃園校區)	Department of Counseling and Business Psychology (Taoyuan Campus)
諮商與工商心理學系（桃園）	Department of Counseling and Business Psychology (Taoyuan)
諮商與應用心理學系	Department of Counseling and Applied Psychology
諮商與臨床心理學系	Department of Counseling and Clinical Psychology
諮商與臨床心理學系(社會組)	Department of Counseling and Clinical Psychology (Social Section)
諮商與臨床心理學系(自然組)	Department of Counseling and Clinical Psychology (Natural Group)
諮商與輔導學系	Department of Counseling and Counseling
護理學系	Department of Nursing
護理學系(A組)	Department of Nursing (Group A)
護理學系(B組)	Department of Nursing (Group B)
護理學系(國際組)	Department of Nursing (International Section)
護理學系(國際護理組)	Department of Nursing (International Nursing Group)
護理學系(智慧護理組)	Department of Nursing (Smart Nursing Group)
護理學系(臨床照護組)	Department of Nursing (Clinical Nursing Group)
護理學系(臨床組)	Department of Nursing (Clinical Group)
護理學系(銀髮智慧照護組)	Department of Nursing (Silver Smart Nursing Group)
護理學系(高齡長期照護組)	Department of Nursing (Long-term Care Group for the Elderly)
護理學系A組	Department of Nursing, Group A
護理學系B組	Department of Nursing Group B
護理學系C組	Department of Nursing Group C
護理學系【外加】	Department of Nursing【Additional】
護理學系國際護理組	International Nursing Group, Department of Nursing
護理學系臨床照護組	Department of Nursing Clinical Care Group
護理學系高齡長期照護組	Elderly Long-term Care Group, Department of Nursing
護理系	Department of Nursing
護理系（嘉義校區）	Department of Nursing (Chiayi Campus)
護理系（林口校區）	Department of Nursing (Linkou Campus)
財務工程學系	Department of Financial Engineering
財務工程學系(數位金融組)	Department of Financial Engineering (Digital Finance Group)
財務工程學系(智慧金融組)	Department of Financial Engineering (Smart Finance Group)
財務工程與精算學士學位學程	Bachelor's Degree in Financial Engineering and Actuarial Science
財務工程與精算數學系	Department of Financial Engineering and Actuarial Mathematics
財務管理學系	Department of Financial Management
財務管理學系(A組)	Department of Financial Management (Group A)
財務管理學系(B組)	Department of Financial Management (Group B)
財務管理學系(社會組)	Department of Financial Management (Social Group)
財務管理學系(自然組)	Department of Financial Management (Natural Group)
財務管理學系會計資訊與稅務組	Accounting Information and Tax Section, Department of Financial Management
財務管理學系財務金融管理組	Financial Management Group, Department of Financial Management
財務管理學系金融資訊管理組	Financial Information Management Group, Department of Financial Management
財務管理系	Department of Financial Management
財務管理系(會計資訊稅務組)	Department of Financial Management (Accounting Information and Taxation Section)
財務管理系(財務金融管理組)	Department of Financial Management (Financial Management Group)
財務管理系(金融資訊管理組)	Department of Financial Management (Financial Information Management Group)
財務管理系會計資訊與稅務組	Accounting Information and Taxation Section, Department of Financial Management
財務管理系（第一校區）	Department of Financial Management (First Campus)
財務與商業分析英語學士學位學程	Bachelor's degree in English in Finance and Business Analysis
財務與商業分析英語學士學位學程(國際	Bachelor's Degree in Finance and Business Analysis in English (International
財務與計算數學系	Department of Finance and Computational Mathematics
財務與計算數學系乙組	Department of Finance and Computational Mathematics Group B
財務與計算數學系甲組	Group A, Department of Finance and Computational Mathematics
財務金融國際學士學位學程	International Bachelor's Degree in Finance
財務金融學系	Department of Finance
財務金融學系(AI金融組)	Department of Finance (AI Finance Group)
財務金融學系(投資理財組)	Department of Finance (Investment and Financial Management Group)
財務金融學系(投資管理組)	Department of Finance (Investment Management Group)
財務金融學系(智慧投資組)	Department of Finance (Smart Investment Group)
財務金融學系(智能投資組)	Department of Finance (Intelligent Investment Group)
財務金融學系(臺北校區)	Department of Finance (Taipei Campus)
財務金融學系(金融科技組)	Department of Finance (Financial Technology Group)
財務金融學系(金融管理組)	Department of Finance (Financial Management Group)
財務金融學系(銀行專業組)	Department of Finance (Banking Professional Group)
財務金融學系A組	Department of Finance, Group A
財務金融學系B組	Department of Finance, Group B
財務金融學系【外加】	Department of Finance【Additional】
財務金融學系丁組(台北校區)	Group D, Department of Finance and Economics (Taipei Campus)
財務金融學系丙組(台北校區)	Group C, Department of Finance (Taipei Campus)
財務金融學系乙組(台北校區)	Department of Finance, Group B (Taipei Campus)
財務金融學系全球財務管理全英語學士	Bachelor of Finance in Global Financial Management in English
財務金融學系全球財務管理全英語學士班	Department of Finance Global Financial Management Bachelor's Degree in English
財務金融學系國際金融管理組(台北校	International Financial Management Group, Department of Finance and Economics (Taipei Campus
財務金融學系國際金融管理組（臺北）	International Financial Management Group, Department of Finance and Economics (Taipei)
財務金融學系投資理財組	Department of Finance Investment and Financial Management Group
財務金融學系投資資訊組	Investment Information Section, Department of Finance and Economics
財務金融學系數位行銷設計組(臺北校	Department of Finance Graduate Marketing Design Group (Taipei Campus
財務金融學系數位金融組	Bachelor's DegreeFinance Group, Department of Finance
財務金融學系甲組(台北校區)	Department of Finance, Group A (Taipei Campus)
財務金融學系財務金融組	Department of Finance Finance Group
財務金融學系財務金融組(台北校區)	Finance Section, Department of Finance (Taipei Campus)
財務金融學系財務金融組（臺北）	Finance Group, Department of Finance (Taipei)
財務金融學系金融科技組	Financial Technology Group, Department of Finance
財務金融學系金融行銷組	Financial Marketing Group, Department of Finance
財務金融技術學系	Department of Finance and Financial Technology
財務金融管理學系	Department of Finance and Financial Management
財務金融管理學系財務管理組	Financial Management Group, Department of Finance and Financial Management
財務金融管理學系金融科	Department of Finance and Financial Management, Department of Finance
財務金融管理學系金融科技組	Financial Technology Group, Department of Finance and Financial Management
財務金融管理學系金融管理組	Financial Management Group, Department of Finance and Financial Management
財務金融系	Department of Finance
財務金融系不動產金融與投資管理組	Real Estate Finance and Investment Management Group, Department of Finance
財務金融系創意行銷組	Creative Marketing Group, Department of Finance
財務金融系國際金管組(台北)	International Financial Management Group, Department of Finance (Taipei)
財務金融系投資理財組	Department of Finance Investment and Financial Management Group
財務金融系數位金融組	Finance Finance Coefficient Financial Group
財務金融系智慧理財組	Department of Finance Smart Financial Management Group
財務金融系財務金融組(台北)	Finance Group, Department of Finance (Taipei)
財務金融系金融管理組	Financial Management Group, Department of Finance
財務金融系（台北校區）	Department of Finance (Taipei Campus)
財務金融系（臺北校區）	Department of Finance (Taipei Campus)
財富與稅務管理系	Department of Wealth and Tax Management
財富與稅務管理系（燕巢校區）	Department of Wealth and Tax Management (Yanchao Campus)
財政學系	Department of Finance
財政學系(A組)	Department of Finance (Group A)
財政學系(B組)	Department of Finance (Group B)
財政學系(社會組)	Department of Finance (Social Section)
財政學系(自然組)	Department of Finance (Natural Group)
財政學系【外加】	Department of Finance【Additional】
財政稅務系	Department of Finance and Taxation
財政稅務系（燕巢校區）	Department of Finance and Taxation (Yanchao Campus)
財政稅務系（臺北校區）	Department of Finance and Taxation (Taipei Campus)
財稅學系	Department of Finance and Taxation
財經法律學系	Department of Financial and Economic Law
財經法律學系(科技法律組)	Department of Financial and Economic Law (Technology Law Group)
財經法律學系(財經法律組)	Department of Financial and Economic Law (Financial and Economic Law Group)
財經法律學系科	Department of Financial and Economic Law
財經法律學系科技法組	Science and Technology Law Group, Department of Finance and Economics
財經法律學系財經法律組	Department of Financial and Economic Law, Financial and Economic Law Group
財經法律學系財貿法組	Finance and Trade Law Group, Department of Financial and Economic Law
財經法律系	Department of Finance and Economics
財金法律學系	Department of Financial Law
財金法律學系(台北校區)	Department of Financial Law (Taipei Campus)
財金法律學系（臺北）	Department of Financial Law (Taipei)
資傳工程系	Department of Information Communication Engineering
資傳工程系(互動科技整合組)	Department of Information Communication Engineering (Interactive Technology Integration Group)
資傳工程系(人工智慧實作組)	Department of Information Communication Engineering (Artificial Intelligence Implementation Group)
資傳工程系(網路與多媒體組)	Department of Information Communication Engineering (Network and Multimedia Group)
資傳工程系(虛擬實境應用組)	Department of Information Communication Engineering (Virtual Reality Application Group)
資工系	Department of Salary and Engineering
資工系(人工智慧與網路組)	Department of Engineering (Artificial Intelligence and Network Group)
資工系(智慧生活與設計組)	Department of Engineering (Smart Life and Design Group)
資工系(電子與系統設計組)	Department of Engineering (Electronics and System Design Group)
資料科學暨大數據分析應用系	Department of Data Science and Big Data Analysis and Application
資料科學暨大數據分析與應用學系	Department of Data Science and Big Data Analysis and Application
資料科學暨大數據分析與應用學系(人工	Department of Data Science and Big Data Analysis and Applications (Artificial Intelligence
資料科學暨大數據分析與應用學系(大數	Department of Data Science and Big Data Analysis and Applications (Big Data
資料科學系	Department of Data Science
資料科學系【外加】	Department of Data Science【Additional】
資料科學與大數據分析學系	Department of Data Science and Big Data Analytics
資料科學與大數據分析學系乙組	Group B, Department of Data Science and Big Data Analytics
資料科學與大數據分析學系甲組	Group A, Department of Data Science and Big Data Analytics
資源工程學系	Department of Resource Engineering
資科通訊系	Department of Information Technology and Communication
資科通訊系機器人與無人機組	Robotics and UAV Group, Department of Information Technology and Communications
資管學系(物聯網與大數據組)	Department of Asset Management (Internet of Things and Big Data Group)
資管學系(行銷與電子商務組)	Department of Asset Management (Marketing and E-Commerce Group)
資管系	Department of Asset Management
資管系(物聯網與大數據組)	Department of Asset Management (Internet of Things and Big Data Group)
資管系(系統設計與製造組)	Department of Asset Management (System Design and Manufacturing Group)
資管系(行銷與電子商務組)	Department of Asset Management (Marketing and E-Commerce Group)
資管系人工智慧與電子商務組	Artificial Intelligence and E-Commerce Group, Department of Asset Management
資管系大數據與雲端運算組	Big Data and Cloud Computing Group, Department of Asset Management
資管與財金學系	Department of Asset Management and Finance
資管與財金學系財務金融組	Finance Group, Department of Asset Management and Finance
資管與財金學系資訊管理組	Information Management Section, Department of Asset Management and Finance
資訊傳播學系	Department of Information and Communication
資訊傳播學系(數位媒體設計-創作組)	Department of Information and Communication (Digital Media Design-Creation Group)
資訊傳播學系(數位媒體設計-美術組)	Department of Information and Communication (Digital Media Design-Art Group)
資訊傳播學系(新媒體傳播內容組)	Department of Information and Communication (New Media Communication Content Group)
資訊傳播學系(新媒體傳播組)	Department of Information and Communication (New Media Communication Group)
資訊傳播學系(智慧傳播應用組)	Department of Information and Communication (Smart Communication Application Group)
資訊傳播學系(智慧科技應用組)	Department of Information and Communication (Smart Technology Application Group)
資訊傳播學系新媒體傳播內容組	New Media Communication Content Group, Department of Information and Communication
資訊傳播學系智慧傳播應用組	Smart Communication Application Group, Department of Information and Communication
資訊傳播學系科	Department of Information and Communication
資訊傳播學系科技組	Technology Section, Department of Information and Communication
資訊傳播學系科技組(互動媒體與遊戲設	Department of Information and Communication Technology Group (Interactive Media and Game Design
資訊傳播學系科技組(智慧科技應用)	Technology Group, Department of Information and Communication (Smart Technology Application)
資訊傳播學系設計組	Department of Information and Communication Design Group
資訊傳播學系設計組(創作組)	Department of Information and Communication Design Group (Creative Group)
資訊傳播學系設計組(美術組)	Design Group (Art Group), Department of Information and Communication
資訊傳播工程學系	Department of Information and Communication Engineering
資訊傳播工程學系(互動科技整合設計	Department of Information and Communication Engineering (Interactive Technology Integrated Design
資訊傳播工程學系(人工智慧互動科技	Department of Information and Communication Engineering (Artificial Intelligence Interactive Technology
資訊傳播工程學系(人工智慧與互動科技	Department of Information Communication Engineering (Artificial Intelligence and Interactive Technology
資訊傳播工程學系(人工智慧與遊戲設計	Department of Information Communication Engineering (Artificial Intelligence and Game Design
資訊傳播工程學系(元宇宙多媒體遊戲	Department of Information Communication Engineering (Yuanverse Multimedia Game
資訊傳播工程學系(元宇宙應用創作組)	Department of Information Communication Engineering (Yuanverse Application Creation Group)
資訊傳播工程學系(桃園校區)	Department of Information and Communication Engineering (Taoyuan Campus)
資訊傳播工程學系(虛擬實境多媒體應用	Department of Information Communication Engineering (Virtual Reality Multimedia Application
資訊傳播工程學系【外加】	Department of Information and Communication Engineering【Additional】
資訊傳播工程學系互動媒體科	Department of Information and Communication Engineering, Interactive Media Section
資訊傳播工程學系互動媒體科技組(桃園	Interactive Media Technology Group, Department of Information and Communication Engineering (Taoyuan
資訊傳播工程學系人工智慧應用組(桃園	Artificial Intelligence Application Group, Department of Information and Communication Engineering (Taoyuan
資訊傳播工程學系（桃園）	Department of Information and Communication Engineering (Taoyuan)
資訊傳播工程系(動畫設計組)	Department of Information and Communication Engineering (Animation Design Group)
資訊傳播工程系(遊戲開發組)	Department of Information and Communication Engineering (Game Development Group)
資訊傳播系	Department of Information and Communication
資訊傳播系(智慧傳播應用組)	Department of Information Communication (Smart Communication Application Group)
資訊傳播系影視傳播設計組	Department of Information and Communication Film and Television Communication Design Group
資訊傳播系數位媒體設計組	Information Communication Coefficient Media Design Group
資訊傳播與行銷系	Department of Information Communication and Marketing
資訊創新與科技系	Department of Information Innovation and Technology
資訊創新與科技系應用資訊組	Applied Information Group, Department of Information Innovation and Technology
資訊創新與科技系軟體工程組	Software Engineering Group, Department of Information Innovation and Technology
資訊多媒體應用系	Department of Information Multimedia Applications
資訊學院英語學士班	Bachelor's Degree in English, School of Information
資訊工程學糸(資訊工程組)	Information Engineering (Information Engineering Group)
資訊工程學系	Department of Information Engineering
資訊工程學系(A組)	Department of Information Engineering (Group A)
資訊工程學系(B組)	Department of Information Engineering (Group B)
資訊工程學系(乙組)	Department of Information Engineering (Group B)
資訊工程學系(人工智慧組)	Department of Information Engineering (Artificial Intelligence Group)
資訊工程學系(人工智慧與機器人組)	Department of Information Engineering (Artificial Intelligence and Robotics Group)
資訊工程學系(人工智慧與網路技術組)	Department of Information Engineering (Artificial Intelligence and Network Technology Group)
資訊工程學系(公費)-臺南市	Department of Information Engineering (publicly funded)-Tainan City
資訊工程學系(半導體資訊組)	Department of Information Engineering (Semiconductor Information Group)
資訊工程學系(數位內容與遊戲設計組)	Department of Information Engineering (Digital Content and Game Design Group)
資訊工程學系(普渡雙聯組)	Department of Information Engineering (Purdue Dual Group)
資訊工程學系(智慧晶片與機器人組)	Department of Information Engineering (Smart Chip and Robot Group)
資訊工程學系(智慧物聯網與軟體工程	Department of Information Engineering (Smart Internet of Things and Software Engineering
資訊工程學系(智慧生活與服務設計組)	Department of Information Engineering (Smart Life and Service Design Group)
資訊工程學系(智慧電子組)	Department of Information Engineering (Smart Electronics Group)
資訊工程學系(智慧電子與IC設計組)	Department of Information Engineering (Smart Electronics and IC Design Group)
資訊工程學系(智慧電子與數位系統設計	Department of Information Engineering (Intelligent Electronics and Digital System Design
資訊工程學系(桃園校區)	Department of Information Engineering (Taoyuan Campus)
資訊工程學系(物聯網與大數據組)	Department of Information Engineering (Internet of Things and Big Data Group)
資訊工程學系(甲組)	Department of Information Engineering (Group A)
資訊工程學系(自費)	Department of Information Engineering (self-funded)
資訊工程學系(資訊工程組)	Department of Information Engineering (Information Engineering Section)
資訊工程學系(資訊應用組)	Department of Information Engineering (Information Application Group)
資訊工程學系(資電工程組)	Department of Information Engineering (Information Engineering Group)
資訊工程學系(軟體工程組)	Department of Information Engineering (Software Engineering Group)
資訊工程學系-社會組	Department of Information Engineering-Social Section
資訊工程學系-自然組	Department of Information Engineering-Natural Group
資訊工程學系A組	Department of Information Engineering Group A
資訊工程學系B組	Department of Information Engineering Group B
資訊工程學系【外加】	Department of Information Engineering【Additional】
資訊工程學系丙組(人工智慧組)	Department of Information Engineering Group C (Artificial Intelligence Group)
資訊工程學系乙組	Department of Information Engineering Group B
資訊工程學系乙組(資訊工程組)	Department of Information Engineering Group B (Information Engineering Group)
資訊工程學系人工智慧應用組	Artificial Intelligence Application Group, Department of Information Engineering
資訊工程學系人工智慧組	Artificial Intelligence Group, Department of Information Engineering
資訊工程學系全英語學士班	Bachelor's degree program in English in the Department of Information Engineering
資訊工程學系國際組	Department of Information Engineering International Section
資訊工程學系多媒體遊戲設計組	Multimedia Game Design Group, Department of Information Engineering
資訊工程學系數位內容與遊戲設計組	Information Engineering Department Digital Content and Game Design Group
資訊工程學系數位創意組	Information Engineering Department Digital Creative Group
資訊工程學系智慧產業樂齡組	Department of Information Engineering Smart Industry Senior Group
資訊工程學系智慧軟體設計組	Intelligent Software Design Group, Department of Information Engineering
資訊工程學系智慧電子組	Smart Electronics Group, Department of Information Engineering
資訊工程學系生醫資電組	Department of Information Engineering, Biomedical Information and Electronics Section
資訊工程學系甲組	Department of Information Engineering Group A
資訊工程學系甲組(電子資訊組)	Department of Information Engineering Group A (Electronic Information Group)
資訊工程學系社會組	Information Engineering Department Social Section
資訊工程學系自然組	Department of Information Engineering Natural Group
資訊工程學系資工組	Information Engineering Department Staff Section
資訊工程學系資訊工程組	Information Engineering Group, Department of Information Engineering
資訊工程學系資訊應用組	Information Application Group, Department of Information Engineering
資訊工程學系資電工程組	Information Engineering Group, Department of Information Engineering
資訊工程學系軟體工程組	Software Engineering Group, Department of Information Engineering
資訊工程學系（桃園）	Department of Information Engineering (Taoyuan)
資訊工程學魚(資訊應用純)	Information Engineering Fish (Pure Information Application)
資訊工程系	Department of Information Engineering
資訊工程系(數位遊戲設計組)	Department of Information Engineering (Digital Game Design Group)
資訊工程系(智慧軟體設計組)	Department of Information Engineering (Intelligent Software Design Group)
資訊工程系丙組(人工智慧組)	Department of Information Engineering Group C (Artificial Intelligence Group)
資訊工程系乙組(資訊工程組)	Department of Information Engineering Group B (Information Engineering Group)
資訊工程系人工智慧應用組	Artificial Intelligence Application Group, Department of Information Engineering
資訊工程系人工智慧組	Artificial Intelligence Group, Department of Information Engineering
資訊工程系人工智慧與遊戲設計組	Artificial Intelligence and Game Design Group, Department of Information Engineering
資訊工程系智慧科	Department of Information Engineering, Intelligence Section
資訊工程系智慧科技應用組	Smart Technology Application Group, Department of Information Engineering
資訊工程系甲組(電子資訊組)	Information Engineering Department Group A (Electronic Information Group)
資訊工程系系	Department of Information Engineering
資訊工程系系統與網路工程組	System and Network Engineering Group, Department of Information Engineering
資訊工程系資電工程組	Information Engineering Group, Department of Information Engineering
資訊工程系遊戲設計與競技組	Game Design and Competition Group, Department of Information Engineering
資訊工程系電機控制組	Motor Control Group, Department of Information Engineering
資訊工程系（台北校區）	Department of Information Engineering (Taipei Campus)
資訊工程系（建工校區）	Department of Information Engineering (Jiangong Campus)
資訊工程系（新竹校區）	Department of Information Engineering (Hsinchu Campus)
資訊工程系（臺北校區）	Department of Information Engineering (Taipei Campus)
資訊工程與娛樂科技系	Department of Information Engineering and Entertainment Technology
資訊應用學系	Department of Information Application
資訊應用學系(動畫與數位內容組)	Department of Information Application (Animation and Digital Content Group)
資訊應用學系(動畫與視覺特效組)	Department of Information Application (Animation and Visual Effects Group)
資訊應用學系(數位遊戲開發組)	Department of Information Application (Digital Game Development Group)
資訊應用學系(虛擬製作與互動科技組)	Department of Information Application (Virtual Production and Interactive Technology Group)
資訊應用學系(資訊系統與AI應用組)	Department of Information Application (Information Systems and AI Application Group)
資訊應用學系(資訊系統與智慧應用組)	Department of Information Application (Information Systems and Intelligent Application Group)
資訊應用系(動畫數位內容組)	Department of Information Application (Animation Digital Content Group)
資訊應用系(數位遊戲開發組)	Department of Information Application (Digital Game Development Group)
資訊應用系(系統智慧應用組)	Information Application Department (System Intelligence Application Group)
資訊應用系(網路與多媒體組)	Department of Information Application (Internet and Multimedia Group)
資訊應用與金融保險學系	Department of Information Application and Finance and Insurance
資訊應用與金融保險學系資訊組(台北校	Information Section, Department of Information Application and Finance and Insurance (Taipei Campus
資訊應用與金融保險學系金融組(台北校	Finance Section, Department of Information Application and Finance and Insurance (Taipei Campus
資訊暨設計學院	School of Information and Design
資訊暨設計學院互動設計組	Interactive Design Group, School of Information and Design
資訊暨設計學院媒體設計組	Media Design Group, School of Information and Design
資訊暨設計學院學士班	Bachelor's Degree, School of Information and Design
資訊暨設計學院學士班(不分系)	Bachelor's program of School of Information and Design (regardless of department)
資訊暨設計學院學士班互動設計組	Interaction Design Group, Bachelor's Degree, School of Information and Design
資訊暨設計學院學士班數位媒體設計組	Digital Media Design Group, Bachelor's Degree, School of Information and Design
資訊暨設計學院學士班資訊工程組	Information Engineering Group, Bachelor's Program, School of Information and Design
資訊暨設計學院學士班資訊管理組	Information Management Group, Bachelor's Program, School of Information and Design
資訊暨設計學院數位設計組	Digital Design Group, School of Information and Design
資訊暨設計學院資訊工程組	Information Engineering Group, School of Information and Design
資訊暨設計學院資訊管理組	Information Management Group, School of Information and Design
資訊模擬與設計學系AR/VR體感科	AR/VR Somatosensory Department, Department of Information Simulation and Design
資訊模擬與設計學系AR/VR體感科技組	AR/VR Somatosensory Technology Group, Department of Information Simulation and Design
資訊模擬與設計學系AR/VR體感科技組(高雄校區)	AR/VR Somatosensory Technology Group, Department of Information Simulation and Design (Kaohsiung Campus)
資訊模擬與設計學系互動遊戲設計組(高	Interactive Game Design Group (High School), Department of Information Simulation and Design
資訊模擬與設計學系互動遊戲設計組(高雄校區)	Interactive Game Design Group, Department of Information Simulation and Design (Kaohsiung Campus)
資訊模擬與設計學系互動遊戲設計與虛	Department of Information Simulation and Design Interactive Game Design and Virtual
資訊模擬與設計學系數位3D動畫設計組	Information Simulation and Design Department Digital 3D Animation Design Group
資訊模擬與設計學系數位3D動畫設計組(高雄校區)	Department of Information Simulation and Design Bachelor’s Degree 3D Animation Design Group (Kaohsiung Campus)
資訊模擬與設計學系遊戲美術設計組(高	Game Art Design Group, Department of Information Simulation and Design (High School
資訊模擬與設計學系遊戲美術設計組(高雄校區)	Game Art Design Group, Department of Information Simulation and Design (Kaohsiung Campus)
資訊模擬與設計學系遊戲美術設計與3D	Department of Information Simulation and Design Game Art Design and 3D
資訊模擬與設計系	Department of Information Simulation and Design
資訊模擬與設計系互動遊戲組	Interactive Game Group, Department of Information Simulation and Design
資訊模擬與設計系電腦動畫組	Computer Animation Group, Department of Information Simulation and Design
資訊模擬設計系AR/VR科	AR/VR Section, Department of Information Simulation Design
資訊模擬設計系AR/VR科技組	AR/VR Technology Group, Department of Information Simulation Design
資訊科學系	Department of Information Science
資訊科學系(人工智慧組)	Department of Information Science (Artificial Intelligence Group)
資訊科學與工程學系	Department of Information Science and Engineering
資訊科技應用系	Department of Information Technology Applications
資訊科技應用與管理學位學程	Information Technology Application and Management Degree Program
資訊科技應用與管理學士學位學程	Bachelor's Degree Program in Information Technology Application and Management
資訊科技應用與管理學士學位學程(全英	Bachelor's Degree in Information Technology Application and Management (Full English
資訊科技應用與管理學士學位學程（全英語授課．桃園）	Bachelor's Degree Program in Information Technology Application and Management (Taught entirely in English. Taoyuan)
資訊科技系	Department of Information Technology
資訊科技系智慧製造科	Intelligent Manufacturing Section, Department of Information Technology
資訊科技系智慧製造科技組	Smart Manufacturing Technology Group, Department of Information Technology
資訊科技系網路管理與雲端應用組	Network Management and Cloud Application Group, Department of Information Technology
資訊科技系行動與系	Information Technology Department Action &amp;
資訊科技系行動與系統應用組	Mobile and System Application Group, Department of Information Technology
資訊科技與管理學系	Department of Information Technology and Management
資訊科技與管理學系(臺北)	Department of Information Technology and Management (Taipei)
資訊科技與管理學系(臺北校區)	Department of Information Technology and Management (Taipei Campus)
資訊科技與管理學系人工智慧與大數據	Department of Information Technology and Management Artificial Intelligence and Big Data
資訊科技與管理學系元宇宙組(臺北校	Yuan Universe Group, Department of Information Technology and Management (Taipei Campus
資訊科技與管理學系數位媒體設計組(臺	Department of Information Technology and Management Digital Media Design Group (Taiwan)
資訊科技與管理學系智慧商務組(臺北校	Smart Business Group, Department of Information Technology and Management (Taipei Campus
資訊科技與管理學系雲端運算組(臺北校	Cloud Computing Group, Department of Information Technology and Management (Taipei Campus
資訊科技與管理學系雲端運算與物聯網	Department of Information Technology and Management Cloud Computing and Internet of Things
資訊科技與管理系	Department of Information Technology and Management
資訊科技與通訊學系APP設計與物聯網	Department of Information Technology and Communications APP Design and Internet of Things
資訊科技與通訊學系App設計組(高雄校	App Design Group, Department of Information Technology and Communications (Kaohsiung Campus
資訊科技與通訊學系App設計組(高雄校區)	App Design Group, Department of Information Technology and Communications (Kaohsiung Campus)
資訊科技與通訊學系互動多媒體設計組(高雄校區)	Interactive Multimedia Design Group, Department of Information Technology and Communications (Kaohsiung Campus)
資訊科技與通訊學系人工智慧應用設計	Artificial Intelligence Application Design, Department of Information Technology and Communications
資訊科技與通訊學系人工智慧物聯網組	Artificial Intelligence and Internet of Things Group, Department of Information Technology and Communications
資訊科技與通訊學系人工智慧與機器人	Department of Information Technology and Communications Artificial Intelligence and Robotics
資訊科技與通訊學系人工智慧設計組(高雄校區)	Artificial Intelligence Design Group, Department of Information Technology and Communications (Kaohsiung Campus)
資訊科技與通訊學系智慧機器人組(高雄校區)	Intelligent Robot Group, Department of Information Technology and Communications (Kaohsiung Campus)
資訊科技與通訊學系智慧機器人與無人	Department of Information Technology and Communications Intelligent Robots and Unmanned Vehicles
資訊科技與通訊學系無人機應用設計組(高雄校區)	UAV Application Design Group, Department of Information Technology and Communications (Kaohsiung Campus)
資訊科技與通訊系	Department of Information Technology and Communications
資訊科技與通訊系App設計組	Department of Information Technology and Communications App Design Group
資訊科技與通訊系人工智慧組	Artificial Intelligence Group, Department of Information Technology and Communications
資訊科技與通訊系無人機組	Department of Information Technology and Communications Drone Group
資訊管理學系	Department of Information Management
資訊管理學系(A組)	Department of Information Management (Group A)
資訊管理學系(B組)	Department of Information Management (Group B)
資訊管理學系(C組)	Department of Information Management (Group C)
資訊管理學系(人工智慧應用組)	Department of Information Management (Artificial Intelligence Application Group)
資訊管理學系(人工智慧應用與資訊系統	Department of Information Management (Artificial Intelligence Application and Information Systems
資訊管理學系(人工智慧組)	Department of Information Management (Artificial Intelligence Group)
資訊管理學系(人工智慧與大數據應用	Department of Information Management (Artificial Intelligence and Big Data Applications
資訊管理學系(巨量資料應用組)	Department of Information Management (Massive Data Application Group)
資訊管理學系(巨量資料管理組)	Department of Information Management (Massive Data Management Group)
資訊管理學系(手機軟體設計組)	Department of Information Management (Mobile Software Design Group)
資訊管理學系(數位行銷與電子商務應用	Department of Information Management (Digital Marketing and E-Commerce Application
資訊管理學系(數位行銷與電子商務應用組)	Department of Information Management (Digital Marketing and E-Commerce Application Group)
資訊管理學系(數位金融科技組)	Department of Information Management (Digital Financial Technology Group)
資訊管理學系(數據分析與創新組)	Department of Information Management (Data Analysis and Innovation Group)
資訊管理學系(智慧商務應用組)	Department of Information Management (Smart Business Application Group)
資訊管理學系(智慧商務科技組)	Department of Information Management (Smart Business Technology Group)
資訊管理學系(智慧商務組)	Department of Information Management (Smart Business Group)
資訊管理學系(智慧商務與資訊管理應用	Department of Information Management (Smart Business and Information Management Applications
資訊管理學系(物聯網應用組)	Department of Information Management (Internet of Things Application Group)
資訊管理學系(物聯網與大數據應用組)	Department of Information Management (Internet of Things and Big Data Application Group)
資訊管理學系(社會組)	Department of Information Management (Social Section)
資訊管理學系(社群商務應用組)	Department of Information Management (Social Business Application Group)
資訊管理學系(系統管理組)	Department of Information Management (System Management Group)
資訊管理學系(自然組)	Department of Information Management (Natural Group)
資訊管理學系(行動商務與智慧企業組)	Department of Information Management (Mobile Commerce and Smart Enterprise Group)
資訊管理學系(行動與雲端商務組)	Department of Information Management (Mobile and Cloud Business Group)
資訊管理學系(資訊管理應用組)	Department of Information Management (Information Management Application Group)
資訊管理學系(資訊系統設計組)	Department of Information Management (Information Systems Design Group)
資訊管理學系(資訊系統設計與智慧製造	Department of Information Management (Information System Design and Intelligent Manufacturing
資訊管理學系(軟體開發與物聯網應用	Department of Information Management (Software Development and Internet of Things Applications
資訊管理學系(雲端服務暨巨量資料組)	Department of Information Management (Cloud Services and Massive Data Group)
資訊管理學系(高雄校區)	Department of Information Management (Kaohsiung Campus)
資訊管理學系【外加】	Department of Information Management【Additional】
資訊管理學系人工智慧商務應用組(高雄	Artificial Intelligence Business Application Group, Department of Information Management (Kaohsiung
資訊管理學系人工智慧商務應用組(高雄校區)	Artificial Intelligence Business Application Group, Department of Information Management (Kaohsiung Campus)
資訊管理學系人工智慧應用組(桃園校	Artificial Intelligence Application Group, Department of Information Management (Taoyuan Campus
資訊管理學系人工智慧暨科	Department of Information Management Artificial Intelligence and Science
資訊管理學系人工智慧暨科技傳播組	Artificial Intelligence and Technology Communication Group, Department of Information Management
資訊管理學系人工智慧組	Artificial Intelligence Group, Department of Information Management
資訊管理學系人工智慧與大數據組	Artificial Intelligence and Big Data Group, Department of Information Management
資訊管理學系人工智慧與雲端應用組(高	Artificial Intelligence and Cloud Application Group (High School), Department of Information Management
資訊管理學系人工智慧與電子商務組	Artificial Intelligence and E-Commerce Group, Department of Information Management
資訊管理學系創新實務組	Innovation Practice Group, Department of Information Management
資訊管理學系創新服務組	Innovation Service Group, Department of Information Management
資訊管理學系大數據分析組	Big Data Analysis Group, Department of Information Management
資訊管理學系大數據與雲端運算組	Big Data and Cloud Computing Group, Department of Information Management
資訊管理學系巨量資料管理組	Mass Data Management Group, Department of Information Management
資訊管理學系巨量資料管理組(桃園校	Mass Data Management Group, Department of Information Management (Taoyuan Campus
資訊管理學系巨量資料管理組（桃園）	Mass Data Management Group, Department of Information Management (Taoyuan)
資訊管理學系數位內容科	Bachelor's Degree Content Section, Department of Information Management
資訊管理學系數位內容科技與管理組	Department of Information Management Bachelor's Degree Content Technology and Management Group
資訊管理學系數位商務應用組(高雄校	Graduate Business Application Group, Department of Information Management (Kaohsiung Campus
資訊管理學系數位商務應用組(高雄校區)	Graduate Business Application Group, Department of Information Management (Kaohsiung Campus)
資訊管理學系智慧商務組	Smart Business Group, Department of Information Management
資訊管理學系智慧網路應用組	Smart Network Application Group, Department of Information Management
資訊管理學系物聯網應用組(高雄校區)	Internet of Things Application Group, Department of Information Management (Kaohsiung Campus)
資訊管理學系社會組	Social Section, Department of Information Management
資訊管理學系網路科	Network Section, Department of Information Management
資訊管理學系網路科技組	Network Technology Group, Department of Information Management
資訊管理學系自然組	Department of Information Management Natural Group
資訊管理學系行動商務管理組	Mobile Business Management Group, Department of Information Management
資訊管理學系行動商務組	Mobile Business Group, Department of Information Management
資訊管理學系資安管理組	Information Security Management Section, Department of Information Management
資訊管理學系資管應用組	Asset Management Application Group, Department of Information Management
資訊管理學系資訊科	Information Section, Department of Information Management
資訊管理學系資訊科技組	Information Technology Section, Department of Information Management
資訊管理學系資訊管理組	Information Management Section, Department of Information Management
資訊管理學系雲端技術管理組	Cloud Technology Management Group, Department of Information Management
資訊管理學系雲端技術管理組(桃園校	Cloud Technology Management Group, Department of Information Management (Taoyuan Campus
資訊管理學系雲端技術管理組（桃園）	Cloud Technology Management Group, Department of Information Management (Taoyuan)
資訊管理學系雲端服務組	Cloud Services Group, Department of Information Management
資訊管理學系電商行銷組	E-commerce Marketing Group, Department of Information Management
資訊管理學系電子商務管理組	E-Commerce Management Group, Department of Information Management
資訊管理學系電子商務管理組(桃園校	E-commerce Management Group, Department of Information Management (Taoyuan Campus
資訊管理學系電子商務管理組（桃園）	E-Commerce Management Group, Department of Information Management (Taoyuan)
資訊管理學系電子商務組	Electronic Commerce Section, Department of Information Management
資訊管理學系電子商務與智慧物聯網組	E-commerce and Smart IoT Group, Department of Information Management
資訊管理學銷	information management education
資訊管理學銷(願景組)	Information Management Education (Vision Group)
資訊管理科	Information Management Division
資訊管理系	Department of Information Management
資訊管理系(巨量資料應用組)	Department of Information Management (Massive Data Application Group)
資訊管理系(應用軟體開發組)	Department of Information Management (Application Software Development Group)
資訊管理系(手機軟體設計組)	Department of Information Management (Mobile Software Design Group)
資訊管理系(智慧商務科技組)	Department of Information Management (Smart Business Technology Group)
資訊管理系(行動雲端商務組)	Department of Information Management (Mobile Cloud Business Group)
資訊管理系(資訊管理應用組)	Department of Information Management (Information Management Application Group)
資訊管理系(雲端巨量資料組)	Department of Information Management (Cloud Massive Data Group)
資訊管理系多媒體應用組	Multimedia Application Group, Department of Information Management
資訊管理系多媒體行動商務組	Multimedia Mobile Business Group, Department of Information Management
資訊管理系娛樂與網路應用組	Entertainment and Internet Application Group, Department of Information Management
資訊管理系數位多媒體組	Information Management Coefficient Multimedia Group
資訊管理系數位生活設計組	Information Management Coefficient Life Design Group
資訊管理系數位科	Bachelor of Science in Information Management
資訊管理系數位科技與管理組	Information Management Coefficient Digital Technology and Management Group
資訊管理系數位金融組(高雄)	Information Management Department Financial Group (Kaohsiung)
資訊管理系智慧商務組	Smart Business Group, Department of Information Management
資訊管理系行動商務設計組	Mobile Commerce Design Group, Department of Information Management
資訊管理系資訊應用組(高雄)	Information Application Group, Department of Information Management (Kaohsiung)
資訊管理系資訊管理應用組	Information Management Application Group, Department of Information Management
資訊管理系資訊管理組	Information Management Group, Department of Information Management
資訊管理系雲端資訊應用組	Cloud Information Application Group, Department of Information Management
資訊管理系電子商務與創業組	Electronic Commerce and Entrepreneurship Group, Department of Information Management
資訊管理系（台北校區）	Department of Information Management (Taipei Campus)
資訊管理系（新竹校區）	Department of Information Management (Hsinchu Campus)
資訊管理系（楠梓校區）	Department of Information Management (Nanzi Campus)
資訊管理系（燕巢校區）	Department of Information Management (Yanchao Campus)
資訊管理系（第一校區）	Department of Information Management (First Campus)
資訊管理系（臺北校區）	Department of Information Management (Taipei Campus)
資訊管理與財務金融學系	Department of Information Management and Finance
資訊管理與財務金融學系財務金融組	Finance Section, Department of Information Management and Finance
資訊管理與財務金融學系財務金融組(社	Finance Group, Department of Information Management and Finance (Social
資訊管理與財務金融學系資訊管理組	Information Management and Finance Department Information Management Group
資訊經營學系	Department of Information Management
資訊經營學系(乙組)	Department of Information Management (Group B)
資訊經營學系(甲組)	Department of Information Management (Group A)
資訊經營學系(社會組)	Department of Information Management (Social Section)
資訊經營學系(自然組)	Department of Information Management (Natural Group)
資訊網路工程系	Department of Information Network Engineering
資訊網路技術系	Department of Information Network Technology
資訊與圖書館學系	Department of Information and Library Science
資訊與網路通訊系	Department of Information and Network Communications
資訊與財金管理系	Department of Information and Financial Management
資訊與通訊系	Department of Information and Communications
資訊與電子商務管理系	Department of Information and E-Commerce Management
資訊設計學院學士班	Bachelor's Degree, School of Information Design
資訊設計學院學士班(不分系)	Bachelor's program of the School of Information Design (regardless of department)
資訊電機學院學士班	Bachelor's Degree, School of Information and Electrical Engineering
資訊電機學院學士班乙組	Group B, Bachelor's Class, School of Information and Electrical Engineering
資訊電機學院學士班甲組	Group A, Bachelor's Degree, School of Information and Electrical Engineering
跨域整合設計學士學位學程	Bachelor's Degree Program in Cross-Domain Integrated Design
身心整合與運動休閒產業學系	Department of Physical and Mental Integration and Sports and Leisure Industry
車輛工程系	Department of Vehicle Engineering
車輛工程系先進車輛組	Advanced Vehicle Group, Department of Vehicle Engineering
車輛科技與經營管理系	Department of Vehicle Technology and Operation Management
車輛與能源工程學士學位學程	Bachelor's Degree in Vehicle and Energy Engineering
軟體工程與管理學系	Department of Software Engineering and Management
輔仁大學	Fu Jen Catholic University
輔導與諮商學系	Department of Counseling and Counseling
輔導與諮商學系(公費)-高雄	Department of Counseling and Counseling (publicly funded)-Kaohsiung
輔導與諮商學系(自費)	Department of Counseling and Counseling (self-funded)
輔導與諮商學系學校輔導與諮商組	School Counseling and Counseling Section, Department of Counseling and Counseling
輔導與諮商學系社區輔導與諮商組	Community Counseling and Counseling Section, Department of Counseling and Counseling
輔導與諮商系學校輔導諮商組	School Counseling and Counseling Group, Department of Counseling and Counseling
輔導與諮商系社區輔導諮商組	Community Counseling and Counseling Group, Department of Counseling and Counseling
輔英科技大學	Fuying University of Science and Technology
輪機工程學系	Department of Marine Engineering
輪機工程學系動力工程組	Power Engineering Group, Department of Marine Engineering
輪機工程學系能源應用組	Energy Application Group, Department of Marine Engineering
輪機工程系	Department of Marine Engineering
輪機工程系（旗津校區）	Department of Marine Engineering (Cijin Campus)
農企業管理系	Department of Agricultural Enterprise Management
農園生產系	Farm Production Department
農業化學系	Department of Agricultural Chemistry
農業生物科技學系	Department of Agricultural Biotechnology
農業科技系	Department of Agricultural Science and Technology
農業經濟學系	Department of Agricultural Economics
農業經濟學系【外加】	Department of Agricultural Economics【Additional】
農藝學系	Department of Agronomy
通訊工程學系	Department of Communication Engineering
通訊工程學系乙組	Department of Communication Engineering Group B
通訊工程學系智慧網通科	Department of Communication Engineering, Intelligent Network Section
通訊工程學系智慧網通科技組	Smart Network Technology Group, Department of Communication Engineering
通訊工程學系智慧軟體應用組	Intelligent Software Application Group, Department of Communication Engineering
通訊工程學系甲組	Department of Communication Engineering Group A
通訊工程學系軟體應用服務組	Software Application Service Group, Department of Communication Engineering
通訊工程學系電機資訊組	Electrical Information Group, Department of Communication Engineering
通訊工程系	Department of Communication Engineering
通訊與導航工程學系	Department of Communication and Navigation Engineering
造形藝術學系	Department of Plastic Arts
造船及海洋工程系	Department of Shipbuilding and Marine Engineering
造船及海洋工程系（楠梓校區）	Department of Shipbuilding and Ocean Engineering (Nanzi Campus)
逢甲大學	fengjia university
遊戲系統創新設計系	Department of Game System Innovation Design
遊戲系統創新設計系（台北校區）	Department of Game System Innovation Design (Taipei Campus)
遊戲與動畫設計系	Department of Game and Animation Design
運動事業管理學系	Department of Sports Business Management
運動事業管理系	Department of Sports Business Management
運動休閒系	Department of Sports and Leisure
運動休閒與健康管理系	Department of Sports, Recreation and Health Management
運動保健學系A	Department of Sports and Health SciencesA
運動保健學系B	Department of Sports and Health Sciences B
運動保健系	Department of Sports and Health Care
運動保健與防護系	Department of Sports Health and Protection
運動健康科學學系	Department of Sports and Health Sciences
運動健康科學系	Department of Sports and Health Sciences
運動健康科學系【外加】	Department of Sports and Health Sciences【Additional】
運動健康管理學系	Department of Sports and Health Management
運動健康管理系(健康指導組)	Department of Sports and Health Management (Health Guidance Group)
運動健康管理系(運動治療組)	Department of Sports and Health Management (Exercise Therapy Group)
運動健康與休閒學系	Department of Sports, Health and Recreation
運動健康與休閒系	Department of Sports, Health and Leisure
運動學系	Department of Kinesiology
運動產業經營學士學位學程	Bachelor's Degree in Sports Industry Management
運動科學系	Department of Exercise Science
運動科技與休閒管理學系	Department of Sports Technology and Leisure Management
運動競技學系	Department of Sports and Athletics
運動管理學系	Department of Sports Management
運動管理系	Department of Sports Management
運動與休閒學系	Department of Sport and Recreation
運動與休閒管理系	Department of Sport and Recreation Management
運動與健康促進學系	Department of Exercise and Health Promotion
運動與健康促進系	Department of Sports and Health Promotion
運動資訊傳播學系	Department of Sports Information and Communication
運動資訊與傳播學系	Department of Sports Information and Communication
運動資訊與傳播學系(傳播組)	Department of Sports Information and Communication (Communication Group)
運動資訊與傳播學系(資訊組)	Department of Sports Information and Communication (Information Group)
運動醫學系	Department of Sports Medicine
運籌管理系	Department of Operations Research and Management
運籌管理系（第一校區）	Department of Operations Management (First Campus)
運輸科學系	Department of Transportation Sciences
運輸科學系A組	Department of Transportation Science Group A
運輸科學系B組	Department of Transportation Science Group B
運輸科技與物流管理學系	Department of Transportation Technology and Logistics Management
運輸管理學系	Department of Transportation Management
運輸與物流學系	Department of Transport and Logistics
運輸與物流管理學系	Department of Transportation and Logistics Management
遠東科技大學	Far Eastern University of Science and Technology
適應體育學系A	Adaptation to Physical Education Department A
適應體育學系B	Adaptation to Physical Education Department B
都市規劃與防災學系	Department of Urban Planning and Disaster Prevention
都市規劃與防災學系(桃園)	Department of Urban Planning and Disaster Prevention (Taoyuan)
都市規劃與防災學系(桃園校區)	Department of Urban Planning and Disaster Prevention (Taoyuan Campus)
都市規劃與防災學系（桃園）	Department of Urban Planning and Disaster Prevention (Taoyuan)
都市計劃學系	Department of Urban Planning
都市計劃學系(社會組)	Department of Urban Planning (Social Section)
都市計劃學系(自然組)	Department of Urban Planning (Nature Group)
都市計劃與開發管理學系	Department of Urban Planning and Development Management
都市計劃與開發管理學系不動產投資組	Real Estate Investment Group, Department of Urban Planning and Development Management
都市計劃與開發管理學系智慧城市與都	Department of Urban Planning and Development Management Smart Cities and Metropolises
都市計畫與景觀學系	Department of Urban Planning and Landscape Studies
都市計畫與景觀學系【外加】	Department of Urban Planning and Landscape Studies【Additional】
都市計畫與空間資訊學系	Department of Urban Planning and Spatial Informatics
都市計畫與空間資訊學系乙組	Group B, Department of Urban Planning and Spatial Informatics
都市計畫與空間資訊學系甲組	Department of Urban Planning and Spatial Informatics, Group A
都市設計與永續發展學系	Department of Urban Design and Sustainability
都市設計與永續發展學系(桃園校區)	Department of Urban Design and Sustainability (Taoyuan Campus)
都會產業經營與行銷學系	Department of Urban Industrial Management and Marketing
醒吾科技大學	Xingwu University of Science and Technology
醫務暨健康管理學系	Department of Medical and Health Management
醫務暨健康管理系	Department of Medical and Health Management
醫務管理學系	Department of Medical Management
醫務管理學系(健康大數據組)	Department of Medical Management (Health Big Data Group)
醫務管理學系(社會組)	Department of Medical Management (Social Group)
醫務管理學系(自然組)	Department of Medical Management (Natural Group)
醫務管理學系(醫療機構管理組)	Department of Medical Management (Medical Institution Management Group)
醫務管理學系(長照機構管理組)	Department of Medical Management (Long-term Care Institution Management Group)
醫務管理學系【外加】	Department of Medical Management【Additional】
醫務管理暨醫療資訊學系	Department of Medical Management and Medical Informatics
醫務管理暨醫療資訊學系【外加】	Department of Medical Management and Medical Informatics [Additional]
醫務管理系	Department of Medical Management
醫務管理系(健康資訊服務組)	Department of Medical Management (Health Information Services Section)
醫務管理系(健康資訊管理組)	Department of Medical Management (Health Information Management Group)
醫務管理系(醫院經營管理組)	Department of Medical Management (Hospital Management Group)
醫務管理系(長照機構管理組)	Department of Medical Management (Long-term Care Institution Management Group)
醫務管理系健康管理組	Health Management Group, Department of Medical Management
醫務管理系醫療產業管理組	Medical Industry Management Group, Department of Medical Management
醫學工程學系	Department of Medical Engineering
醫學工程學系(智慧醫療組)	Department of Medical Engineering (Smart Medical Group)
醫學影像暨放射技術系	Department of Medical Imaging and Radiation Technology
醫學影像暨放射科學系	Department of Medical Imaging and Radiation Sciences
醫學影像暨放射科學系【外加】	Department of Medical Imaging and Radiation Sciences [Additional]
醫學應用化學系	Department of Medical Applied Chemistry
醫學檢驗技術學系	Department of Medical Laboratory Technology
醫學檢驗暨再生醫學學系	Department of Laboratory Medicine and Regenerative Medicine
醫學檢驗暨生物技術學系	Department of Medical Laboratory Science and Biotechnology
醫學檢驗暨生物技術學系(生物技術組)	Department of Medical Laboratory Science and Biotechnology (Biotechnology Section)
醫學檢驗暨生物技術學系(醫事檢驗組)	Department of Medical Laboratory Science and Biotechnology (Medical Laboratory Science Section)
醫學檢驗暨生物技術學系【外加】	Department of Medical Laboratory Science and Biotechnology [Additional]
醫學檢驗暨生物技術學系生物技術組	Biotechnology Section, Department of Medical Laboratory Science and Biotechnology
醫學檢驗暨生物技術學系醫事檢驗組	Medical Laboratory Group, Department of Medical Laboratory and Biotechnology
醫學檢驗生物技術學系	Department of Medical Laboratory Biotechnology
醫學檢驗生物技術學系【外加】	Department of Medical Laboratory Biotechnology [Additional]
醫學檢驗生物技術系	Department of Medical Laboratory Biotechnology
醫學生物技術暨檢驗學系	Department of Medical Biotechnology and Laboratory Science
醫學社會學與社會工作學系	Department of Medical Sociology and Social Work
醫學社會暨健康照護學士學位學程	Bachelor of Science in Medicine, Social Sciences and Health Care
醫學社會暨健康照護學士學位學程(長照	Bachelor's Degree in Medical Social Sciences and Health Care (Long-term Care
醫學社會暨健康照護學士學位學程(高齡	Bachelor's Degree in Medical Social Sciences and Health Care (Senior
醫學社會暨健康照護學士學位學程長照社工組	Long-term Care Social Work Section of the Bachelor of Medical Social Sciences and Health Care Program
醫學社會暨健康照護學士學位學程高齡照護組	Bachelor's Degree in Medical Social Sciences and Health Care Elderly Care Section
醫學社會暨社會工作學系	Department of Medical Society and Social Work
醫學科學系	Department of Medical Sciences
醫學科學與生物科技學系	Department of Medical Sciences and Biotechnology
醫學科學與生物科技學系生技組	Biotechnology Section, Department of Medical Sciences and Biotechnology
醫學科學與生物科技學系醫藥組	Department of Medical Sciences and Biotechnology, Pharmaceutical Group
醫學系	Department of Medicine
醫學系(公費)	Department of Medicine (publicly funded)
醫學系(公費生)	Department of Medicine (Government-funded Students)
醫學系(自費)	Department of Medicine (self-funded)
醫學資訊學系	Department of Medical Informatics
醫學資訊與創新應用學位學程	Medical Informatics and Innovation Application Degree Program
醫學資訊與創新應用學士學位學程	Bachelor's Degree Program in Medical Informatics and Innovation Applications
醫材設計與材料學程	Medical Materials Design and Materials Program
醫材設計與材料學程(應用組)	Medical Materials Design and Materials Program (Application Group)
醫檢暨生技學系	Department of Medical Science and Biotechnology
醫檢暨生技學系(生物技術組)	Department of Medical Laboratory Science and Biotechnology (Biotechnology Section)
醫檢暨生技學系(醫事檢驗組)	Department of Medical Laboratory and Biotechnology (Medical Laboratory Section)
醫療器材發展與應用系	Department of Medical Device Development and Application
醫療器材設計與材料學位學程	Medical Device Design and Materials Degree Program
醫療暨健康產業管理系	Department of Medical and Health Industry Management
醫療產業科技管理學系	Department of Medical Industry Science and Technology Management
醫療資訊學系	Department of Medical Informatics
醫療資訊與管理學系	Department of Medical Information and Management
醫療資訊與管理學系(桃園)	Department of Medical Information and Management (Taoyuan)
醫療資訊與管理學系(桃園校區)	Department of Medical Information and Management (Taoyuan Campus)
醫療資訊與管理學系（桃園）	Department of Medical Information and Management (Taoyuan)
醫社暨康照學程	Medical Society and Health Care Education Program
醫社暨康照學程(健康照護組)	Medical Society and Health Care Course (Health Care Section)
醫社暨康照學程(社會工作組)	Medical Society and Health Care Education Program (Social Work Group)
醫社暨康照學程(醫學社會組)	Medical Society and Health Care Education Program (Medical Society Section)
醫藥化學系	Department of Medicinal Chemistry
醫藥暨應用化學系	Department of Medicine and Applied Chemistry
醫藥暨應用化學系應用化學組	Applied Chemistry Group, Department of Medicine and Applied Chemistry
醫藥暨應用化學系醫藥化學組	Medicinal Chemistry Group, Department of Medicine and Applied Chemistry
醫藥科學產業學系	Department of Medical Science and Industry
醫藥科學產業學系醫藥產業組	Department of Medical Science and Industry, Pharmaceutical Industry Group
醫護資訊應用系	Department of Medical Information Application
金融學系	Department of Finance
金融學系(A組)	Department of Finance (Group A)
金融學系(B組)	Department of Finance (Group B)
金融學系(桃園校區)	Department of Finance (Taoyuan Campus)
金融學系(社會組)	Department of Finance (Social Group)
金融學系(自然組)	Department of Finance (Natural Group)
金融學系社會組	Department of Finance Social Affairs Group
金融學系自然組	Department of Finance Natural Group
金融學院學士班	Bachelor's Degree, School of Finance
金融科技應用學士學位學程	Applied Bachelor's Degree in Financial Technology
金融科技應用學士學位學程(桃園校區)	Applied Bachelor's Degree in Financial Technology (Taoyuan Campus)
金融科技應用學士學位學程（桃園）	Applied Bachelor's Degree in Financial Technology (Taoyuan)
金融科技應用學系	Department of Applied Financial Technology
金融科技應用學系(桃園校區)	Department of Applied Financial Technology (Taoyuan Campus)
金融管理學系	Department of Financial Management
金融管理學系投資分析組(高雄校區)	Investment Analysis Group, Department of Financial Management (Kaohsiung Campus)
金融管理學系投資操作組(高雄校區)	Investment Operation Group, Department of Financial Management (Kaohsiung Campus)
金融管理學系操盤策略組(高雄校區)	Trading Strategy Group, Department of Financial Management (Kaohsiung Campus)
金融管理學系數位行銷組(高雄校區)	Department of Financial Management Graduate Marketing Group (Kaohsiung Campus)
金融管理學系數位金融組(高雄校區)	Graduate Finance Group, Department of Financial Management (Kaohsiung Campus)
金融管理學系財務金融組(高雄校區)	Finance Section, Department of Financial Management (Kaohsiung Campus)
金融管理學系金融商品組(高雄校區)	Financial Products Group, Department of Financial Management (Kaohsiung Campus)
金融管理學系金融實務組(高雄校區)	Financial Practice Group, Department of Financial Management (Kaohsiung Campus)
金融管理學系金融科技應用組(高雄校區)	Financial Technology Application Group, Department of Financial Management (Kaohsiung Campus)
金融管理學系金融科技組(高雄校區)	Financial Technology Group, Department of Financial Management (Kaohsiung Campus)
金融管理系	Department of Financial Management
金融管理系投資操作組(高雄)	Investment Operation Group, Department of Financial Management (Kaohsiung)
金融管理系數位行銷組(高雄)	Financial Management Department Marketing Group (Kaohsiung)
金融管理系金融科	Department of Financial Management, Department of Finance
金融管理系金融科技組(高雄)	Financial Technology Group, Department of Financial Management (Kaohsiung)
金融系	Department of Finance
金融系（第一校區）	Department of Finance (First Campus)
金融與合作經營學系	Department of Finance and Cooperative Business
金融與合作經營學系【外加】	Department of Finance and Cooperative Business [Additional]
金融與國際企業學系	Department of Finance and International Business
金融資訊系	Department of Financial Information
金融資訊系（燕巢校區）	Department of Financial Information (Yanchao Campus)
銀髮產業管理系	Department of Silver Industry Management
銘傳大學	Ming Chuan University
長庚大學	Chang Gung Memorial University
長庚學校財團法人長庚科技大學	Chang Gung Memorial University of Science and Technology
長庚科技大學	Chang Gung Memorial University of Science and Technology
長期照護學系	Department of Long-term Care
長期照護學系(台北校區)	Department of Long-term Care (Taipei Campus)
長期照護系	long term care department
長期照護與管理系	Department of Long-term Care and Management
長期照顧經營管理系	Department of Long-term Care Management
長期照顧與管理系	Department of Long-term Care and Management
長榮大學	Evergreen University
阿拉伯語文學系	Department of Arabic Language and Literature
阿拉伯語文學系【外加】	Department of Arabic Language and Literature【Additional】
雕塑學系	Department of Sculpture
雕塑學系(女)	Department of Sculpture (Female)
雕塑學系(男)	Department of Sculpture (Male)
雕塑學系【外加】	Department of Sculpture【Additional】
電信工程系	Department of Telecommunications Engineering
電動車暨智慧電子工程系	Department of Electric Vehicles and Intelligent Electronic Engineering
電子工程學系	Department of Electronic Engineering
電子工程學系(乙組)	Department of Electronic Engineering (Group B)
電子工程學系(乙組)(女)	Department of Electronic Engineering (Group B) (Female)
電子工程學系(乙組)(男)	Department of Electronic Engineering (Group B) (Male)
電子工程學系(甲組)	Department of Electronic Engineering (Group A)
電子工程學系(甲組)(女)	Department of Electronic Engineering (Group A) (Female)
電子工程學系(甲組)(男)	Department of Electronic Engineering (Group A) (Male)
電子工程學系【外加】	Department of Electronic Engineering【Additional】
電子工程學系乙組	Department of Electronic Engineering Group B
電子工程學系光電半導體組	Optoelectronic Semiconductor Group, Department of Electronic Engineering
電子工程學系光電組	Department of Electronic Engineering Optoelectronics Group
電子工程學系半導體光電組	Semiconductor Optoelectronics Group, Department of Electronic Engineering
電子工程學系半導體光電組(桃園校區)	Semiconductor Optoelectronics Group, Department of Electronic Engineering (Taoyuan Campus)
電子工程學系半導體光電組（桃園）	Semiconductor Optoelectronics Group, Department of Electronic Engineering (Taoyuan)
電子工程學系微電腦應用組	Microcomputer Application Group, Department of Electronic Engineering
電子工程學系晶片設計與應用組(桃園校	Chip Design and Application Group, Department of Electronic Engineering (Taoyuan Campus
電子工程學系甲組	Department of Electronic Engineering Group A
電子工程學系計算機應用組	Computer Application Group, Department of Electronic Engineering
電子工程學系計算機應用組(桃園校區)	Computer Application Group, Department of Electronic Engineering (Taoyuan Campus)
電子工程學系計算機應用組（桃園）	Computer Application Group, Department of Electronic Engineering (Taoyuan)
電子工程學系電子智慧系	Department of Electronic Engineering Department of Electronic Intelligence
電子工程學系電子智慧系統組	Electronic Intelligent Systems Group, Department of Electronic Engineering
電子工程科	Electronic Engineering Department
電子工程系	Department of Electronic Engineering
電子工程系智慧機器人組	Intelligent Robot Group, Department of Electronic Engineering
電子工程系智慧電動車組	Department of Electronic Engineering Smart Electric Vehicle Unit
電子工程系積體電路與系	Department of Electronic EngineeringIntegrated Circuits and
電子工程系積體電路與系統應用組	Integrated Circuits and Systems Application Group, Department of Electronic Engineering
電子工程系綠能晶片與系	Department of Electronic Engineering Green Energy Chip and Department
電子工程系綠能晶片與系統應用組	Green Energy Chip and System Application Group, Department of Electronic Engineering
電子工程系網路多媒體暨遊戲機組	Department of Electronic Engineering Network Multimedia and Game Unit
電子工程系航空電子組	Avionics Group, Department of Electronic Engineering
電子工程系資訊組	Department of Electronic Engineering Information Section
電子工程系資訊組（建工校區）	Information Group of Department of Electronic Engineering (Jiangong Campus)
電子工程系電信與系	Department of Electronic Engineering Department of Telecommunications and
電子工程系電信與系統組	Department of Electronic Engineering, Telecommunications and Systems Group
電子工程系電子工程組	Electronic Engineering Group, Department of Electronic Engineering
電子工程系電子組	Electronics Group, Department of Electronic Engineering
電子工程系電子組（建工校區）	Electronics Group, Department of Electronic Engineering (Jiangong Campus)
電子工程系（台北校區）	Department of Electronic Engineering (Taipei Campus)
電子工程系（第一校區）	Department of Electronic Engineering (First Campus)
電子物理學系	Department of Electronic Physics
電子物理學系光電奈米科	Department of Electronic Physics, Department of Optoelectronics and Nanotechnology
電子物理學系光電奈米科學組	Optoelectronic Nanoscience Group, Department of Electronic Physics
電子物理學系光電與奈米科	Department of Electronic Physics, Department of Optoelectronics and Nanotechnology
電子物理學系光電與奈米科學組	Optoelectronics and Nanoscience Group, Department of Electronic Physics
電子物理學系電子物理組	Electronic Physics Group, Department of Electronic Physics
電子競技與電腦娛樂科學系	Department of Esports and Computer Entertainment Science
電影學系	Department of Film Studies
電影與電視學系	Department of Film and Television
電影與電視學系影視技術組	Film and Television Technology Group, Department of Film and Television
電影與電視學系編導製片組	Department of Film and Television Director and Producer Group
電機工程學系	Department of Electrical Engineering
電機工程學系(A組)	Department of Electrical Engineering (Group A)
電機工程學系(B組)	Department of Electrical Engineering (Group B)
電機工程學系(丙組)	Department of Electrical Engineering (Group C)
電機工程學系(乙組)	Department of Electrical Engineering (Group B)
電機工程學系(乙組)【外加】	Department of Electrical Engineering (Group B) [Additional]
電機工程學系(半導體組)	Department of Electrical Engineering (Semiconductor Group)
電機工程學系(半導體與光電組)	Department of Electrical Engineering (Semiconductor and Optoelectronics Group)
電機工程學系(普渡雙聯組)	Department of Electrical Engineering (Purdue Duplex)
電機工程學系(智慧系統組)	Department of Electrical Engineering (Intelligent Systems Group)
電機工程學系(桃園校區)	Department of Electrical Engineering (Taoyuan Campus)
電機工程學系(產學合作組)	Department of Electrical Engineering (Industrial-Academic Cooperation Group)
電機工程學系(甲組)	Department of Electrical Engineering (Group A)
電機工程學系A組	Department of Electrical Engineering Group A
電機工程學系B組	Department of Electrical Engineering Group B
電機工程學系【外加】	Department of Electrical Engineering【Additional】
電機工程學系丙組	Department of Electrical Engineering Group C
電機工程學系丙組(醫學電資組)	Department of Electrical Engineering Group C (Medical Electrical Engineering Group)
電機工程學系乙組	Department of Electrical Engineering Group B
電機工程學系乙組(電機工程組)	Department of Electrical Engineering Group B (Electrical Engineering Group)
電機工程學系全英語組	Department of Electrical Engineering Full English Section
電機工程學系半導體工程組	Semiconductor Engineering Group, Department of Electrical Engineering
電機工程學系智慧系	Department of Electrical Engineering Department of Wisdom
電機工程學系智慧系統組	Intelligent Systems Group, Department of Electrical Engineering
電機工程學系甲組	Department of Electrical Engineering Group A
電機工程學系甲組(電資國際組)	Department of Electrical Engineering Group A (International Group of Electrical Engineering)
電機工程學系電機與系	Department of Electrical Engineering
電機工程學系電機與系統組	Electrical Machines and Systems Group, Department of Electrical Engineering
電機工程學系電機資訊組	Electrical Engineering Information Section, Department of Electrical Engineering
電機工程學系電機通訊組	Electrical Machine Communication Group, Department of Electrical Engineering
電機工程科	Electrical Engineering Department
電機工程系	Department of Electrical Engineering
電機工程系控制與晶片組	Department of Electrical EngineeringControl and Chipset
電機工程系生醫電子系	Department of Electrical Engineering Department of Biomedical Electronics
電機工程系生醫電子系統組	Biomedical Electronic Systems Group, Department of Electrical Engineering
電機工程系綠色能源組	Green Energy Group, Department of Electrical Engineering
電機工程系自動化電控組	Automation and Electronic Control Group, Department of Electrical Engineering
電機工程系電能資訊組	Electrical Energy Information Section, Department of Electrical Engineering
電機工程系（台北校區）	Department of Electrical Engineering (Taipei Campus)
電機工程系（建工校區）	Department of Electrical Engineering (Jiangong Campus)
電機與機械科技學系	Department of Electrical and Mechanical Technology
電機與資訊工程系	Department of Electrical and Information Engineering
電機與資訊工程系（台北校區）	Department of Electrical and Information Engineering (Taipei Campus)
電機與資訊技術系	Department of Electrical and Information Technology
電機資訊學院學士班	Bachelor's Degree, School of Electrical Engineering
電機資訊學院學士班乙組	Group B, Bachelor's Degree, School of Electrical Engineering and Information Technology
電機資訊學院學士班甲組	Group A, Bachelor's Degree, School of Electrical Engineering and Information Technology
電機資訊學院智慧運算與大數據學士班	Bachelor's Degree Class in Intelligent Computing and Big Data, School of Electrical Engineering and Information Technology
電機通訊學院英語學士班	Bachelor's Degree in English, School of Electrical Engineering and Communication
電競產業管理學士學位學程	Bachelor's Degree in Esports Industry Management
電競產業經營學士學位學程	Bachelor's Degree in Esports Industry Management
電競科技管理系	Department of E-Sports Technology Management
電競科技系	Department of E-Sports Technology
電競與動畫遊戲學位學程	Esports and Animation Game Degree Program
電競與動畫遊戲學士學位學程	Bachelor's Degree in Esports and Animation Games
電腦動畫學位學程	Computer Animation Degree Program
電腦動畫學位學程電影特效組	Computer Animation Degree Program Film Special Effects Group
電腦動畫學士學位學程	Computer Animation Bachelor's Degree Program
電腦動畫學士學位學程(高雄)	Bachelor's Degree Program in Computer Animation (Kaohsiung)
電腦動畫學士學位學程2D3D雙修組(高	Computer Animation Bachelor's Degree Program 2D3D Double Major Group (High
電腦動畫學士學位學程2D3D雙修組(高雄校區)	Computer Animation Bachelor's Degree Program 2D3D Dual Major (Kaohsiung Campus)
電腦動畫學士學位學程2D組(高雄校區)	Computer Animation Bachelor's Degree Program 2D Group (Kaohsiung Campus)
電腦動畫學士學位學程3D組(高雄校區)	Computer Animation Bachelor's Degree Program 3D Group (Kaohsiung Campus)
電腦動畫學士學位學程角色組	Computer Animation Bachelor's DegreeProgram Character Group
電腦科學與人工智慧學系	Department of Computer Science and Artificial Intelligence
電腦與智慧型機器人學位學程	Computer and Intelligent Robotics Degree Program
電腦與智慧型機器人學士學位學程	Bachelor's Degree Program in Computers and Intelligent Robotics
電腦與通訊學系	Department of Computer and Communications
電腦與通訊工程學系	Department of Computer and Communication Engineering
電腦與通訊工程學系(桃園)	Department of Computer and Communication Engineering (Taoyuan)
電腦與通訊工程學系(桃園校區)	Department of Computer and Communication Engineering (Taoyuan Campus)
電腦與通訊工程學系AI應用組(桃園校	AI Application Group, Department of Computer and Communication Engineering (Taoyuan Campus
電腦與通訊工程學系AI機器人組(桃園校	AI Robotics Group, Department of Computer and Communication Engineering (Taoyuan Campus
電腦與通訊工程學系（桃園）	Department of Computer and Communication Engineering (Taoyuan)
電腦與通訊工程系	Department of Computer and Communication Engineering
電腦與通訊工程系（第一校區）	Department of Computer and Communication Engineering (First Campus)
電腦與通訊系	Department of Computer and Communications
電腦與遊戲發展科學學士學位學程	Bachelor of Science in Computer and Game Development Program
電腦輔助工業設計系	Department of Computer Aided Industrial Design
電腦輔助工業設計系機械設計組	Mechanical Design Group, Department of Computer Aided Industrial Design
電腦輔助工業設計系產品設計組	Product Design Group, Department of Computer Aided Industrial Design
電訊工程系	Department of Telecommunications Engineering
電訊工程系（楠梓校區）	Department of Telecommunication Engineering (Nanzi Campus)
電資學士班	Bachelor's Degree in Electrical Engineering
靜宜大學	Jingyi University
韓國語文學系	Department of Korean Language and Literature
音樂學系	Department of Music
音樂學系(公費)	Department of Music (publicly funded)
音樂學系(公費)-臺中市	Department of Music (Publicly Funded)-Taichung City
音樂學系(公費)-臺南市	Department of Music (Publicly Funded)-Tainan City
音樂學系(公費)-雲林縣	Department of Music (publicly funded)-Yunlin County
音樂學系(公費)-高雄市	Department of Music (Publicly Funded)-Kaohsiung City
音樂學系(自費)	Department of Music (self-funded)
音樂學系(自費)-綜合樂器	Department of Music (self-financed)-Integrated Instruments
音樂學系(自費)-鋼琴	Department of Music (self-financed)-Piano
音樂學系(臺北)-綜合樂器	Department of Music (Taipei)-Integrated Instruments
音樂學系(臺北校區)	Department of Music (Taipei Campus)
音樂學系(臺北校區)-弦樂	Department of Music (Taipei Campus)-String Strings
音樂學系(臺北校區)-木管樂	Department of Music (Taipei Campus)-Woodwinds
音樂學系(臺北校區)-綜合樂器	Department of Music (Taipei Campus)-Integrated Instruments
音樂學系(臺北校區)-鋼琴	Department of Music (Taipei Campus)-Piano
音樂學系(臺北校區)-長笛	Department of Music (Taipei Campus)-Flute
音樂學系(臺北校區)《鋼琴》	"Department of Music (Taipei Campus) ""Piano"""
音樂學系(臺北校區)《長笛》	"Department of Music (Taipei Campus) ""Flute"""
音樂學系-弦樂	Department of Music - Strings
音樂學系-綜合樂器	Department of Music-Integrated Instruments
音樂學系-聲樂	Department of Music - Vocal Music
音樂學系-聲樂.弦樂.理論作曲	Department of Music-Vocal Music. String Music. Theory of Composition
音樂學系-銅管樂.木管樂	Department of Music-Brass and Woodwinds
音樂學系-銅管樂.木管樂.擊樂	Department of Music-Brass, Woodwind, Percussion
音樂學系-鋼琴	Department of Music-Piano
音樂學系-鋼琴.聲樂.弦樂.理論作曲	Department of Music-Piano.Vocal.Strings.Theoretical Composition
音樂學系A組	Department of Music, Group A
音樂學系A組(臺北校區)	Department of Music, Group A (Taipei Campus)
音樂學系B組	Department of Music, Group B
音樂學系B組(臺北校區)	Department of Music, Group B (Taipei Campus)
音樂應用學系	Department of Applied Music
音樂應用學系-演奏教學A組	Department of Applied Music-Performance Teaching Group A
音樂應用學系-演奏教學B組	Department of Applied Music-Performance Teaching Group B
音樂應用學系-演奏教學組	Department of Applied Music-Performance Teaching Group
音樂應用學系-藝術行政與經紀組	Department of Applied Music-Arts Administration and Brokerage Group
音樂應用學系-行政管理組	Department of Applied Music-Administrative Management Group
音樂應用學系-音樂表演與創作組	Department of Applied Music-Music Performance and Composition Group
音樂系-聲樂.弦樂.理論作曲	Department of Music-Vocal Music. String Music. Theory of Composition
音樂系-銅管樂.木管樂.擊樂	Music Department-Brass, Woodwind, Percussion
風力發電學士學位學程	Bachelor's Degree in Wind Power
風險管理與保險學系	Department of Risk Management and Insurance
風險管理與保險學系(A組)	Department of Risk Management and Insurance (Group A)
風險管理與保險學系(B組)	Department of Risk Management and Insurance (Group B)
風險管理與保險學系(社會組)	Department of Risk Management and Insurance (Social Group)
風險管理與保險學系(自然組)	Department of Risk Management and Insurance (Natural Group)
風險管理與保險學系(臺北)	Department of Risk Management and Insurance (Taipei)
風險管理與保險學系(臺北校區)	Department of Risk Management and Insurance (Taipei Campus)
風險管理與保險學系-A組(臺北校區)	Department of Risk Management and Insurance-Group A (Taipei Campus)
風險管理與保險學系-B組(臺北校區)	Department of Risk Management and Insurance-Group B (Taipei Campus)
風險管理與保險學系保險金融與行銷組	Insurance Finance and Marketing Group, Department of Risk Management and Insurance
風險管理與保險學系保險金融與行銷組（臺北）	Insurance Finance and Marketing Group, Department of Risk Management and Insurance (Taipei)
風險管理與保險學系保險金融行銷組(台	Insurance Finance Marketing Group, Department of Risk Management and Insurance (Taiwan)
風險管理與保險學系資訊應用組(台北校	Information Application Group, Department of Risk Management and Insurance (Taipei Campus
風險管理與保險學系風險管理組(台北校	Risk Management Group, Department of Risk Management and Insurance (Taipei Campus
風險管理與保險學系風險管理組（臺北）	Risk Management Group, Department of Risk Management and Insurance (Taipei)
風險管理與保險系	Department of Risk Management and Insurance
風險管理與保險系保險行銷組	Insurance Marketing Group, Department of Risk Management and Insurance
風險管理與保險系風險管理組	Risk Management and Insurance Department Risk Management Group
風險管理與保險系（第一校區）	Department of Risk Management and Insurance (First Campus)
風險管理與財富規劃系	Department of Risk Management and Wealth Planning
飛機修護系	Aircraft Maintenance Department
飛機工程系	Department of Aircraft Engineering
飛機工程系機械組	Mechanical Group, Department of Aircraft Engineering
飛機工程系航空電子組	Avionics Group, Department of Aircraft Engineering
飛行與民航人員技術系	Department of Flight and Civil Aviation Personnel Technology
食品保健系	Department of Food and Health
食品健康科技系	Department of Food and Health Technology
食品健康科技系（士林校區）	Department of Food and Health Technology (Shilin Campus)
食品安全學系	Department of Food Safety
食品安全衛生與檢驗學士學位學程	Bachelor's degree program in Food Safety Hygiene and Inspection
食品安全衛生與檢驗學士學位學程(環境	Bachelor's Degree Program in Food Safety Hygiene and Inspection (Environmental
食品安全衛生與檢驗學士學位學程(食品	Bachelor's degree program in Food Safety Hygiene and Inspection (Food
食品應用生技系	Department of Food Applied Biotechnology
食品應用生技系(健康生技組)	Department of Food Applied Biotechnology (Health Biotechnology Group)
食品應用生技系(食品科學組)	Department of Food Applied Biotechnology (Food Science Group)
食品應用生科系	Department of Food Applied Biology
食品應用生科系(應用生技組)	Department of Food Applied Biotechnology (Applied Biotechnology Group)
食品應用生科系(食品科學組)	Department of Food Applied Biology (Food Science Group)
食品暨應用生物科技學系	Department of Food and Applied Biotechnology
食品暨應用生物科技學系(健康生技組)	Department of Food and Applied Biotechnology (Health Biotechnology Section)
食品暨應用生物科技學系(食品科學組)	Department of Food and Applied Biotechnology (Food Science Section)
食品營養保健系	Department of Food, Nutrition and Health
食品營養保健系(保健化妝組)	Department of Food, Nutrition and Health (Health and Cosmetics Group)
食品營養保健系(保健妝品組)	Department of Food, Nutrition and Health (Health Cosmetics Group)
食品營養保健系(食品營養組)	Department of Food, Nutrition and Health (Food Nutrition Group)
食品營養學系	Department of Food and Nutrition
食品營養學系營養與保健組	Nutrition and Health Care Group, Department of Food and Nutrition
食品營養學系食品與生物技術組	Food and Biotechnology Group, Department of Food and Nutrition
食品營養學系食品與生物技術組【外加】	Department of Food and Nutrition, Food and Biotechnology Group [Additional]
食品營養系	Department of Food and Nutrition
食品營養系營養組	Department of Food and Nutrition Nutrition Group
食品營養系食品科	Department of Food and Nutrition, Department of Food
食品營養系食品科技組	Food Science and Technology Group, Department of Food and Nutrition
食品營養系食品與生物技術組	Food and Biotechnology Group, Department of Food and Nutrition
食品營養與保健生技學系	Department of Food Nutrition and Health Biotechnology
食品營養與保健生技學系(保健化妝品	Department of Food Nutrition and Health Biotechnology (Health Cosmetics
食品營養與保健生技學系(臺北校區)	Department of Food, Nutrition and Health Biotechnology (Taipei Campus)
食品營養與保健生技學系(藥用化粧品醫	Department of Food Nutrition and Health Biotechnology (Medicinal and Cosmetic Medicine
食品營養與保健生技學系(食品營養組)	Department of Food Nutrition and Health Biotechnology (Food Nutrition Group)
食品營養與保健生技學系保健化妝品組	Health Cosmetics Group, Department of Food, Nutrition and Health Biotechnology
食品營養與保健生技學系食品創新與科	Department of Food Nutrition and Health Biotechnology Food Innovation and Science
食品營養與保健生技學系食品營養組	Food Nutrition Group, Department of Food Nutrition and Health Biotechnology
食品營養與保健生技學系食品科技與法	Department of Food Nutrition and Health Biotechnology Food Technology and Law
食品營養與保健生技系(臺北)	Department of Food Nutrition and Health Biotechnology (Taipei)
食品科學系	Department of Food Science
食品科學系(A組)	Department of Food Science (Group A)
食品科學系(B組)	Department of Food Science (Group B)
食品科學系生物科	Department of Food Science, Department of Biology
食品科學系生物科技組	Biotechnology Group, Department of Food Science
食品科學系食品科	Department of Food Science, Food Science
食品科學系食品科學組	Department of Food Science Food Science Group
食品科學系（台北校區）	Department of Food Science (Taipei Campus)
食品科技科	Food Science and Technology Section
食品科技系	Department of Food Technology
食品科技系烘焙科	Department of Food Technology, Baking Department
食品科技系烘焙科技組	Baking Technology Group, Department of Food Technology
食品科技系食品科	Department of Food Science and Technology, Food Science
食品科技系食品科技組	Food Technology Group, Department of Food Technology
食品科技與行銷系	Department of Food Technology and Marketing
食品科技與行銷系（士林校區）	Department of Food Technology and Marketing (Shilin Campus)
食藥產業暨檢測科技系	Department of Food and Drug Industry and Testing Technology
養生休閒管理學位學程	Health and Leisure Management Degree Program
養生休閒管理系	Department of Health and Leisure Management
餐旅事業管理系	Department of Hospitality and Hospitality Management
餐旅商務行銷系	Hospitality and Tourism Business Marketing Department
餐旅廚藝管理系	Department of Hospitality and Culinary Arts Management
餐旅暨會展行銷管理系	Department of Hospitality, Hotel and Exhibition Marketing Management
餐旅管理學系	Department of Hospitality and Hospitality Management
餐旅管理學系(桃園校區)	Department of Hospitality and Hospitality Management (Taoyuan Campus)
餐旅管理學系旅館管理組	Hotel Management Group, Department of Hospitality and Hospitality Management
餐旅管理學系餐飲管理組	Catering Management Group, Department of Hospitality and Hospitality Management
餐旅管理學系（桃園）	Department of Hospitality and Hospitality Management (Taoyuan)
餐旅管理學系（桃園）【外加】	Department of Hospitality and Hospitality Management (Taoyuan) [Additional]
餐旅管理科	Hospitality Management Division
餐旅管理系	Department of Hospitality and Hospitality Management
餐旅管理系廚藝組	Culinary Arts Group, Department of Hospitality and Hospitality Management
餐旅管理系烘焙組	Baking Group, Department of Hospitality and Hospitality Management
餐旅管理系餐旅創業組	Hospitality Entrepreneurship Group, Department of Hospitality and Hospitality Management
餐旅管理系（台北校區）	Department of Hospitality and Hospitality Management (Taipei Campus)
餐旅經營系	Department of Hospitality and Hospitality Management
餐旅與烘焙管理系	Department of Hospitality, Hospitality and Bakery Management
餐飲事業系	Department of Catering Business
餐飲廚藝管理系	Department of Catering and Culinary Arts Management
餐飲廚藝系	Department of Catering and Culinary Arts
餐飲管理及廚藝系	Department of Catering Management and Culinary Arts
餐飲管理學系	Department of Catering Management
餐飲管理學系(臺北校區)	Department of Catering Management (Taipei Campus)
餐飲管理學系廚藝組(臺北校區)	Culinary Arts Section, Department of Catering Management (Taipei Campus)
餐飲管理學系餐旅組(臺北校區)	Catering and Tourism Group, Department of Catering Management (Taipei Campus)
餐飲管理系	Department of Catering Management
餐飲管理系廚藝組	Culinary Arts Group, Department of Catering Management
餐飲管理系日式料理組	Department of Catering Management Japanese Cuisine Group
餐飲管理系烘焙組	Baking Group, Department of Catering Management
餐飲管理系管理組	Catering Management Department Management Group
餐飲管理系（台北校區）	Department of Catering Management (Taipei Campus)
餐飲管理系（士林校區）	Department of Catering Management (Shilin Campus)
餐飲系	Department of Catering
餐飲與健康養生系	Department of Catering and Health and Wellness
香妝與養生保健系	Department of Cosmetics and Health Care
香粧品學系	Department of Cosmetics
馬偕醫學院	Mackay Medical College
馬偕醫護管理專科學校	Mackay College of Healthcare Management
體育學系	Department of Physical Education
體育學系(女)	Department of Physical Education (Female)
體育學系(男)	Department of Physical Education (Male)
體育學系【外加】	Department of Physical Education【Additional】
體育學系運動健康管理組	Sports and Health Management Group, Department of Physical Education
體育學系體育學組	Physical Education Group, Department of Physical Education
體育推廣學系A	Department of Sports Promotion A
體育推廣學系B	Department of Sports Promotion B
體育與健康休閒學系	Department of Physical Education, Health and Leisure
體育與健康休閒學系(自費)	Department of Physical Education, Health and Leisure (self-funded)
體育與健康休閒系(公費)高雄	Department of Physical Education, Health and Leisure (Publicly Funded) Kaohsiung
體育與運動科學系	Department of Physical Education and Exercise Science
高瞻科技不分系學士學位學程	Gaozhan Technology's bachelor's degree program regardless of department
高苑科技大學	Kao Yuan University of Science and Technology
高雄醫學大學	Kaohsiung Medical University
高齡健康暨長期照護學系	Department of Elderly Health and Long-term Care
高齡健康照護系	Department of Elderly Health Care
高齡健康管理學系	Department of Elderly Health Management
高齡健康與運動科學學位學程	Senior Health and Exercise Science Degree Program
高齡健康與運動科學學士學位學程	Bachelor's DegreeProgram in Aging Health and Exercise Science
高齡及長期照護事業系	Department of Elderly and Long-term Care Business
高齡照顧福祉系	Department of Elderly Care and Welfare
高齡福祉事業管理學士學位學程	Bachelor's Degree Program in Elderly Welfare Management
高齡福祉服務系	Department of Elderly Welfare Services
高齡福祉養生管理系	Department of Elderly Welfare and Health Management
黎明技術學院	dawn technical college
龍華科技大學	Longhua University of Science and Technology
